customer_id,customer_name,city,state,customer_segment
C0001,Sumanth Singh,Howrah,West Bengal,Corporate
C0002,Priya Bhat,Nizamabad,Telangana,Corporate
C0003,Aditya Joshi,Howrah,West Bengal,Consumer
C0004,Pooja Iyer,Thiruvananthapuram,Kerala,Corporate
C0005,Rahul Reddy,Coimbatore,Tamil Nadu,Consumer
C0006,Rohan Nair,Surat,Gujarat,Corporate
C0007,Aditi Singh,Chennai,Tamil Nadu,Corporate
C0008,Vikram Singh,Mangaluru,Karnataka,Consumer
C0009,Ishita Mehta,Nizamabad,Telangana,Small Business
C0010,Nisha Rao,Madurai,Tamil Nadu,Consumer
C0011,Aditya Iyer,Mysuru,Karnataka,Consumer
C0012,Nisha Singh,Dwarka,Delhi,Corporate
C0013,Karan Das,New Delhi,Delhi,Corporate
C0014,Meera Verma,Madurai,Tamil Nadu,Corporate
C0015,Arjun Joshi,Nizamabad,Telangana,Corporate
C0016,Sai Iyer,New Delhi,Delhi,Corporate
C0017,Ananya Sharma,Coimbatore,Tamil Nadu,Consumer
C0018,Ishita Singh,New Delhi,Delhi,Consumer
C0019,Diya Gupta,Howrah,West Bengal,Consumer
C0020,Diya Sharma,Mysuru,Karnataka,Consumer
C0021,Sumanth Bhat,Bengaluru,Karnataka,Consumer
C0022,Meera Patel,Nizamabad,Telangana,Consumer
C0023,Ananya Gupta,New Delhi,Delhi,Corporate
C0024,Sumanth Joshi,Madurai,Tamil Nadu,Consumer
C0025,Vivaan Das,Hyderabad,Telangana,Consumer
C0026,Nisha Gupta,Mangaluru,Karnataka,Consumer
C0027,Sumanth Kumar,Dwarka,Delhi,Consumer
C0028,Diya Rao,Dwarka,Delhi,Consumer
C0029,Aditi Rao,Warangal,Telangana,Corporate
C0030,Pooja Bhat,Mangaluru,Karnataka,Corporate
C0031,Sumanth Das,Rohini,Delhi,Consumer
C0032,Aditya Singh,Ahmedabad,Gujarat,Consumer
C0033,Ananya Gupta,Mangaluru,Karnataka,Small Business
C0034,Sai Das,Kolkata,West Bengal,Consumer
C0035,Ananya Reddy,New Delhi,Delhi,Consumer
C0036,Pooja Sharma,Coimbatore,Tamil Nadu,Consumer
C0037,Aditya Iyer,Coimbatore,Tamil Nadu,Consumer
C0038,Rohan Mehta,Bengaluru,Karnataka,Consumer
C0039,Ananya Verma,Coimbatore,Tamil Nadu,Small Business
C0040,Sai Das,Mumbai,Maharashtra,Consumer
C0041,Sai Singh,Nagpur,Maharashtra,Consumer
C0042,Kavya Patel,Nagpur,Maharashtra,Consumer
C0043,Sumanth Patel,Nagpur,Maharashtra,Corporate
C0044,Priya Reddy,Ahmedabad,Gujarat,Consumer
C0045,Ishita Reddy,Warangal,Telangana,Corporate
C0046,Nisha Das,Kolkata,West Bengal,Consumer
C0047,Rahul Patel,Vadodara,Gujarat,Consumer
C0048,Karan Joshi,Chennai,Tamil Nadu,Corporate
C0049,Aditi Nair,Bengaluru,Karnataka,Consumer
C0050,Aditi Bhat,Bengaluru,Karnataka,Consumer
C0051,Sumanth Bhat,Hyderabad,Telangana,Small Business
C0052,Kavya Mehta,Durgapur,West Bengal,Small Business
C0053,Karan Sharma,Pune,Maharashtra,Corporate
C0054,Meera Reddy,Madurai,Tamil Nadu,Corporate
C0055,Nisha Bhat,Bengaluru,Karnataka,Consumer
C0056,Meera Kumar,Ahmedabad,Gujarat,Consumer
C0057,Meera Sharma,Nagpur,Maharashtra,Consumer
C0058,Karan Bhat,Kolkata,West Bengal,Consumer
C0059,Aarav Kumar,Nizamabad,Telangana,Consumer
C0060,Aditi Reddy,New Delhi,Delhi,Consumer
C0061,Ananya Rao,Rohini,Delhi,Corporate
C0062,Vivaan Das,New Delhi,Delhi,Consumer
C0063,Nisha Reddy,Warangal,Telangana,Consumer
C0064,Priya Iyer,Pune,Maharashtra,Small Business
C0065,Nisha Singh,Mangaluru,Karnataka,Consumer
C0066,Kavya Reddy,New Delhi,Delhi,Consumer
C0067,Aditi Kumar,Chennai,Tamil Nadu,Small Business
C0068,Sumanth Singh,Howrah,West Bengal,Corporate
C0069,Aditya Verma,Warangal,Telangana,Corporate
C0070,Karan Gupta,Mangaluru,Karnataka,Corporate
C0071,Diya Verma,Vadodara,Gujarat,Consumer
C0072,Aditya Iyer,Coimbatore,Tamil Nadu,Small Business
C0073,Rahul Patel,Coimbatore,Tamil Nadu,Corporate
C0074,Aditi Reddy,Kolkata,West Bengal,Consumer
C0075,Aditya Kumar,Pune,Maharashtra,Consumer
C0076,Nisha Mehta,Nizamabad,Telangana,Consumer
C0077,Arjun Singh,Mysuru,Karnataka,Consumer
C0078,Arjun Kumar,Hyderabad,Telangana,Consumer
C0079,Ishita Joshi,Pune,Maharashtra,Consumer
C0080,Sneha Mehta,Pune,Maharashtra,Small Business
C0081,Arjun Mehta,Warangal,Telangana,Consumer
C0082,Nisha Rao,Mumbai,Maharashtra,Consumer
C0083,Priya Mehta,Madurai,Tamil Nadu,Corporate
C0084,Sumanth Mehta,Hyderabad,Telangana,Consumer
C0085,Nisha Patel,Vadodara,Gujarat,Corporate
C0086,Diya Nair,Durgapur,West Bengal,Corporate
C0087,Priya Verma,Nizamabad,Telangana,Small Business
C0088,Pooja Rao,Pune,Maharashtra,Corporate
C0089,Aditya Singh,Bengaluru,Karnataka,Consumer
C0090,Karan Rao,Mysuru,Karnataka,Consumer
C0091,Vikram Kumar,Coimbatore,Tamil Nadu,Consumer
C0092,Ishita Mehta,Kozhikode,Kerala,Consumer
C0093,Priya Bhat,Coimbatore,Tamil Nadu,Corporate
C0094,Ananya Gupta,Durgapur,West Bengal,Corporate
C0095,Sneha Sharma,Bengaluru,Karnataka,Corporate
C0096,Nisha Reddy,Ahmedabad,Gujarat,Corporate
C0097,Sneha Nair,Warangal,Telangana,Small Business
C0098,Aditi Bhat,Hyderabad,Telangana,Corporate
C0099,Pooja Bhat,Pune,Maharashtra,Small Business
C0100,Sneha Nair,Mangaluru,Karnataka,Consumer
C0101,Arjun Reddy,New Delhi,Delhi,Consumer
C0102,Ishita Gupta,Pune,Maharashtra,Corporate
C0103,Sai Patel,Howrah,West Bengal,Small Business
C0104,Pooja Reddy,Warangal,Telangana,Consumer
C0105,Sumanth Mehta,Rohini,Delhi,Corporate
C0106,Sneha Mehta,Madurai,Tamil Nadu,Corporate
C0107,Vikram Gupta,Mangaluru,Karnataka,Consumer
C0108,Vivaan Bhat,Hyderabad,Telangana,Consumer
C0109,Sneha Kumar,Chennai,Tamil Nadu,Small Business
C0110,Diya Singh,Howrah,West Bengal,Consumer
C0111,Sneha Joshi,Kochi,Kerala,Consumer
C0112,Meera Nair,Vadodara,Gujarat,Consumer
C0113,Ishita Gupta,Mumbai,Maharashtra,Consumer
C0114,Sumanth Verma,Ahmedabad,Gujarat,Consumer
C0115,Karan Gupta,Chennai,Tamil Nadu,Corporate
C0116,Vikram Bhat,Nizamabad,Telangana,Small Business
C0117,Kavya Sharma,Mangaluru,Karnataka,Small Business
C0118,Aditya Iyer,New Delhi,Delhi,Consumer
C0119,Aarav Patel,Vadodara,Gujarat,Consumer
C0120,Kavya Kumar,Kolkata,West Bengal,Small Business
C0121,Aarav Sharma,Rohini,Delhi,Consumer
C0122,Aditi Joshi,New Delhi,Delhi,Consumer
C0123,Vivaan Iyer,Ahmedabad,Gujarat,Small Business
C0124,Kavya Iyer,Durgapur,West Bengal,Corporate
C0125,Rahul Reddy,Warangal,Telangana,Consumer
C0126,Priya Nair,Kolkata,West Bengal,Small Business
C0127,Sneha Sharma,Nizamabad,Telangana,Consumer
C0128,Priya Bhat,New Delhi,Delhi,Corporate
C0129,Diya Sharma,Hyderabad,Telangana,Small Business
C0130,Sumanth Kumar,New Delhi,Delhi,Consumer
C0131,Aditi Nair,Mysuru,Karnataka,Corporate
C0132,Meera Nair,Dwarka,Delhi,Consumer
C0133,Karan Rao,Thiruvananthapuram,Kerala,Corporate
C0134,Sumanth Bhat,Dwarka,Delhi,Consumer
C0135,Sumanth Mehta,Nagpur,Maharashtra,Consumer
C0136,Nisha Patel,Warangal,Telangana,Consumer
C0137,Diya Rao,Madurai,Tamil Nadu,Consumer
C0138,Kavya Patel,Coimbatore,Tamil Nadu,Consumer
C0139,Aarav Verma,Mangaluru,Karnataka,Consumer
C0140,Vivaan Nair,Mysuru,Karnataka,Consumer
C0141,Diya Nair,Dwarka,Delhi,Consumer
C0142,Karan Gupta,Howrah,West Bengal,Consumer
C0143,Vikram Bhat,Dwarka,Delhi,Corporate
C0144,Aditya Mehta,Surat,Gujarat,Consumer
C0145,Pooja Patel,Mumbai,Maharashtra,Corporate
C0146,Aarav Reddy,Mumbai,Maharashtra,Consumer
C0147,Vivaan Reddy,Vadodara,Gujarat,Consumer
C0148,Sneha Verma,Bengaluru,Karnataka,Corporate
C0149,Kavya Iyer,Warangal,Telangana,Consumer
C0150,Rahul Nair,Nizamabad,Telangana,Consumer
C0151,Aditi Reddy,Coimbatore,Tamil Nadu,Corporate
C0152,Pooja Iyer,Mangaluru,Karnataka,Corporate
C0153,Diya Verma,Madurai,Tamil Nadu,Consumer
C0154,Sai Kumar,Mumbai,Maharashtra,Consumer
C0155,Aditi Bhat,Vadodara,Gujarat,Corporate
C0156,Ishita Reddy,Thiruvananthapuram,Kerala,Consumer
C0157,Vivaan Joshi,Chennai,Tamil Nadu,Consumer
C0158,Nisha Kumar,Nagpur,Maharashtra,Consumer
C0159,Aarav Nair,Vadodara,Gujarat,Consumer
C0160,Aditi Nair,Mumbai,Maharashtra,Consumer
C0161,Rahul Joshi,Hyderabad,Telangana,Corporate
C0162,Sumanth Iyer,Rohini,Delhi,Corporate
C0163,Vikram Das,Nizamabad,Telangana,Consumer
C0164,Karan Singh,Surat,Gujarat,Corporate
C0165,Priya Singh,Surat,Gujarat,Consumer
C0166,Vikram Verma,Vadodara,Gujarat,Consumer
C0167,Aditya Sharma,Pune,Maharashtra,Small Business
C0168,Vikram Kumar,Dwarka,Delhi,Consumer
C0169,Aarav Nair,Bengaluru,Karnataka,Consumer
C0170,Aditya Nair,Mangaluru,Karnataka,Consumer
C0171,Sneha Gupta,Bengaluru,Karnataka,Small Business
C0172,Meera Singh,Dwarka,Delhi,Corporate
C0173,Sneha Patel,Surat,Gujarat,Corporate
C0174,Vivaan Reddy,Vadodara,Gujarat,Corporate
C0175,Ananya Bhat,Coimbatore,Tamil Nadu,Small Business
C0176,Arjun Verma,Thiruvananthapuram,Kerala,Corporate
C0177,Karan Sharma,Howrah,West Bengal,Consumer
C0178,Aditi Singh,Kolkata,West Bengal,Small Business
C0179,Aditi Patel,Mumbai,Maharashtra,Corporate
C0180,Rahul Gupta,Warangal,Telangana,Corporate
C0181,Kavya Patel,Thiruvananthapuram,Kerala,Consumer
C0182,Vikram Reddy,Hyderabad,Telangana,Corporate
C0183,Pooja Sharma,Dwarka,Delhi,Corporate
C0184,Vikram Sharma,Durgapur,West Bengal,Consumer
C0185,Meera Singh,New Delhi,Delhi,Consumer
C0186,Priya Sharma,New Delhi,Delhi,Consumer
C0187,Ishita Patel,Surat,Gujarat,Small Business
C0188,Pooja Joshi,Chennai,Tamil Nadu,Consumer
C0189,Vikram Reddy,Pune,Maharashtra,Small Business
C0190,Ishita Reddy,Bengaluru,Karnataka,Consumer
C0191,Kavya Gupta,Dwarka,Delhi,Consumer
C0192,Priya Reddy,Madurai,Tamil Nadu,Consumer
C0193,Sneha Das,Kozhikode,Kerala,Consumer
C0194,Rahul Singh,Surat,Gujarat,Consumer
C0195,Vivaan Verma,Chennai,Tamil Nadu,Consumer
C0196,Aditi Nair,Chennai,Tamil Nadu,Consumer
C0197,Aditi Bhat,Madurai,Tamil Nadu,Consumer
C0198,Karan Mehta,Mangaluru,Karnataka,Consumer
C0199,Nisha Verma,Madurai,Tamil Nadu,Corporate
C0200,Diya Iyer,Pune,Maharashtra,Consumer
C0201,Karan Kumar,Bengaluru,Karnataka,Small Business
C0202,Vivaan Gupta,Bengaluru,Karnataka,Corporate
C0203,Sumanth Mehta,Howrah,West Bengal,Small Business
C0204,Rohan Joshi,Dwarka,Delhi,Small Business
C0205,Arjun Kumar,Howrah,West Bengal,Consumer
C0206,Karan Bhat,Dwarka,Delhi,Consumer
C0207,Aarav Bhat,Chennai,Tamil Nadu,Consumer
C0208,Vivaan Patel,Nizamabad,Telangana,Consumer
C0209,Priya Joshi,Chennai,Tamil Nadu,Consumer
C0210,Diya Rao,Hyderabad,Telangana,Consumer
C0211,Rahul Bhat,Dwarka,Delhi,Consumer
C0212,Arjun Sharma,Chennai,Tamil Nadu,Consumer
C0213,Aarav Reddy,Ahmedabad,Gujarat,Consumer
C0214,Sumanth Singh,Coimbatore,Tamil Nadu,Corporate
C0215,Rohan Patel,Surat,Gujarat,Consumer
C0216,Meera Iyer,Mumbai,Maharashtra,Consumer
C0217,Nisha Singh,Chennai,Tamil Nadu,Consumer
C0218,Arjun Kumar,New Delhi,Delhi,Consumer
C0219,Nisha Reddy,Hyderabad,Telangana,Consumer
C0220,Arjun Reddy,Hyderabad,Telangana,Corporate
C0221,Ananya Patel,Bengaluru,Karnataka,Corporate
C0222,Rohan Joshi,Warangal,Telangana,Corporate
C0223,Pooja Bhat,Mangaluru,Karnataka,Consumer
C0224,Ananya Singh,Vadodara,Gujarat,Corporate
C0225,Vikram Das,Kochi,Kerala,Consumer
C0226,Aditya Nair,Durgapur,West Bengal,Consumer
C0227,Karan Joshi,Coimbatore,Tamil Nadu,Consumer
C0228,Vikram Sharma,Chennai,Tamil Nadu,Consumer
C0229,Sneha Verma,Durgapur,West Bengal,Consumer
C0230,Aditya Nair,Vadodara,Gujarat,Consumer
C0231,Ishita Sharma,Nizamabad,Telangana,Consumer
C0232,Rohan Sharma,Kochi,Kerala,Consumer
C0233,Ananya Rao,Thiruvananthapuram,Kerala,Small Business
C0234,Sumanth Gupta,Ahmedabad,Gujarat,Corporate
C0235,Vivaan Singh,Mangaluru,Karnataka,Consumer
C0236,Aditi Joshi,Dwarka,Delhi,Consumer
C0237,Rahul Joshi,Mumbai,Maharashtra,Consumer
C0238,Arjun Gupta,Rohini,Delhi,Consumer
C0239,Sneha Das,Dwarka,Delhi,Corporate
C0240,Aditya Rao,Thiruvananthapuram,Kerala,Consumer
C0241,Pooja Rao,Hyderabad,Telangana,Consumer
C0242,Pooja Mehta,Warangal,Telangana,Consumer
C0243,Aditya Rao,Dwarka,Delhi,Consumer
C0244,Nisha Mehta,Mangaluru,Karnataka,Small Business
C0245,Sai Mehta,Mysuru,Karnataka,Small Business
C0246,Sumanth Gupta,Madurai,Tamil Nadu,Corporate
C0247,Pooja Bhat,Howrah,West Bengal,Consumer
C0248,Ishita Mehta,Surat,Gujarat,Corporate
C0249,Rahul Singh,Hyderabad,Telangana,Consumer
C0250,Aditi Rao,Kozhikode,Kerala,Corporate
C0251,Vikram Nair,Surat,Gujarat,Corporate
C0252,Vikram Rao,Mumbai,Maharashtra,Corporate
C0253,Sai Sharma,Thiruvananthapuram,Kerala,Consumer
C0254,Pooja Reddy,Chennai,Tamil Nadu,Consumer
C0255,Karan Sharma,New Delhi,Delhi,Consumer
C0256,Sai Das,Nizamabad,Telangana,Small Business
C0257,Rahul Bhat,Mysuru,Karnataka,Consumer
C0258,Sai Patel,Mumbai,Maharashtra,Consumer
C0259,Aditi Patel,Mumbai,Maharashtra,Consumer
C0260,Rahul Patel,Warangal,Telangana,Consumer
C0261,Meera Das,Kolkata,West Bengal,Small Business
C0262,Vikram Bhat,Kozhikode,Kerala,Consumer
C0263,Karan Patel,Nizamabad,Telangana,Consumer
C0264,Sneha Nair,Surat,Gujarat,Consumer
C0265,Rohan Singh,Bengaluru,Karnataka,Small Business
C0266,Priya Das,Mumbai,Maharashtra,Consumer
C0267,Sumanth Reddy,Madurai,Tamil Nadu,Corporate
C0268,Diya Bhat,Mangaluru,Karnataka,Consumer
C0269,Aditya Rao,Vadodara,Gujarat,Corporate
C0270,Ishita Rao,Bengaluru,Karnataka,Consumer
C0271,Sneha Reddy,Mangaluru,Karnataka,Small Business
C0272,Priya Gupta,Madurai,Tamil Nadu,Consumer
C0273,Arjun Sharma,Bengaluru,Karnataka,Small Business
C0274,Karan Gupta,Durgapur,West Bengal,Consumer
C0275,Priya Joshi,Pune,Maharashtra,Consumer
C0276,Arjun Bhat,Warangal,Telangana,Consumer
C0277,Arjun Rao,Kochi,Kerala,Consumer
C0278,Meera Sharma,Mysuru,Karnataka,Consumer
C0279,Karan Mehta,Ahmedabad,Gujarat,Consumer
C0280,Priya Gupta,Coimbatore,Tamil Nadu,Consumer
C0281,Kavya Joshi,Kochi,Kerala,Consumer
C0282,Kavya Mehta,Nizamabad,Telangana,Consumer
C0283,Karan Sharma,Nizamabad,Telangana,Corporate
C0284,Diya Joshi,Durgapur,West Bengal,Consumer
C0285,Sumanth Verma,Thiruvananthapuram,Kerala,Consumer
C0286,Rohan Patel,Thiruvananthapuram,Kerala,Consumer
C0287,Aditya Singh,Madurai,Tamil Nadu,Corporate
C0288,Arjun Mehta,Chennai,Tamil Nadu,Consumer
C0289,Sai Verma,Durgapur,West Bengal,Consumer
C0290,Diya Bhat,Pune,Maharashtra,Consumer
C0291,Ishita Bhat,Bengaluru,Karnataka,Consumer
C0292,Rohan Mehta,Madurai,Tamil Nadu,Corporate
C0293,Priya Das,Thiruvananthapuram,Kerala,Consumer
C0294,Sneha Rao,Thiruvananthapuram,Kerala,Corporate
C0295,Ananya Kumar,Madurai,Tamil Nadu,Consumer
C0296,Karan Rao,Vadodara,Gujarat,Corporate
C0297,Sumanth Singh,Madurai,Tamil Nadu,Consumer
C0298,Karan Iyer,Warangal,Telangana,Corporate
C0299,Aarav Mehta,New Delhi,Delhi,Consumer
C0300,Nisha Mehta,Kolkata,West Bengal,Consumer
C0301,Aditya Mehta,New Delhi,Delhi,Consumer
C0302,Rohan Iyer,Bengaluru,Karnataka,Small Business
C0303,Priya Gupta,Mangaluru,Karnataka,Small Business
C0304,Sneha Patel,Rohini,Delhi,Corporate
C0305,Aditi Gupta,Madurai,Tamil Nadu,Corporate
C0306,Priya Rao,Warangal,Telangana,Small Business
C0307,Sumanth Kumar,Dwarka,Delhi,Small Business
C0308,Meera Gupta,Madurai,Tamil Nadu,Consumer
C0309,Karan Joshi,Rohini,Delhi,Small Business
C0310,Karan Joshi,Kochi,Kerala,Small Business
C0311,Pooja Patel,Durgapur,West Bengal,Consumer
C0312,Ishita Patel,Madurai,Tamil Nadu,Corporate
C0313,Rohan Singh,Bengaluru,Karnataka,Consumer
C0314,Ishita Joshi,Mysuru,Karnataka,Small Business
C0315,Aarav Sharma,Mysuru,Karnataka,Corporate
C0316,Rahul Reddy,Surat,Gujarat,Corporate
C0317,Vikram Singh,Hyderabad,Telangana,Consumer
C0318,Aarav Rao,Nizamabad,Telangana,Corporate
C0319,Aditi Nair,Kochi,Kerala,Consumer
C0320,Rahul Patel,Kolkata,West Bengal,Small Business
C0321,Aditya Iyer,Dwarka,Delhi,Consumer
C0322,Priya Gupta,Madurai,Tamil Nadu,Consumer
C0323,Ishita Sharma,Rohini,Delhi,Small Business
C0324,Aditya Reddy,Nagpur,Maharashtra,Corporate
C0325,Karan Verma,Kochi,Kerala,Consumer
C0326,Vikram Iyer,Warangal,Telangana,Consumer
C0327,Kavya Mehta,Durgapur,West Bengal,Consumer
C0328,Rahul Das,Madurai,Tamil Nadu,Corporate
C0329,Meera Patel,Mumbai,Maharashtra,Small Business
C0330,Karan Kumar,Hyderabad,Telangana,Consumer
C0331,Vivaan Patel,Warangal,Telangana,Consumer
C0332,Vivaan Sharma,Kolkata,West Bengal,Corporate
C0333,Arjun Sharma,Surat,Gujarat,Small Business
C0334,Ananya Gupta,Ahmedabad,Gujarat,Corporate
C0335,Vikram Gupta,Warangal,Telangana,Consumer
C0336,Rahul Gupta,Durgapur,West Bengal,Corporate
C0337,Vikram Rao,Mumbai,Maharashtra,Consumer
C0338,Aditi Reddy,Kolkata,West Bengal,Consumer
C0339,Arjun Sharma,Bengaluru,Karnataka,Consumer
C0340,Meera Reddy,Kozhikode,Kerala,Corporate
C0341,Vikram Kumar,Madurai,Tamil Nadu,Small Business
C0342,Sai Kumar,Vadodara,Gujarat,Consumer
C0343,Rohan Patel,Rohini,Delhi,Consumer
C0344,Vikram Joshi,Nagpur,Maharashtra,Corporate
C0345,Aarav Bhat,Warangal,Telangana,Consumer
C0346,Rohan Rao,Mysuru,Karnataka,Corporate
C0347,Ananya Kumar,Surat,Gujarat,Consumer
C0348,Arjun Verma,Pune,Maharashtra,Consumer
C0349,Vivaan Rao,Rohini,Delhi,Consumer
C0350,Pooja Iyer,Ahmedabad,Gujarat,Consumer
C0351,Sai Joshi,Ahmedabad,Gujarat,Small Business
C0352,Karan Patel,Warangal,Telangana,Consumer
C0353,Ishita Sharma,Bengaluru,Karnataka,Consumer
C0354,Aditya Rao,Bengaluru,Karnataka,Consumer
C0355,Meera Kumar,Warangal,Telangana,Consumer
C0356,Priya Rao,Hyderabad,Telangana,Consumer
C0357,Rahul Joshi,Dwarka,Delhi,Small Business
C0358,Pooja Reddy,Nizamabad,Telangana,Consumer
C0359,Aditya Kumar,Dwarka,Delhi,Corporate
C0360,Ishita Gupta,Durgapur,West Bengal,Small Business
C0361,Sumanth Sharma,Hyderabad,Telangana,Small Business
C0362,Nisha Joshi,Mumbai,Maharashtra,Consumer
C0363,Sai Gupta,Kochi,Kerala,Small Business
C0364,Kavya Rao,Coimbatore,Tamil Nadu,Consumer
C0365,Karan Patel,Warangal,Telangana,Consumer
C0366,Aarav Nair,Ahmedabad,Gujarat,Consumer
C0367,Sumanth Joshi,Coimbatore,Tamil Nadu,Small Business
C0368,Sneha Rao,Thiruvananthapuram,Kerala,Consumer
C0369,Ananya Rao,Madurai,Tamil Nadu,Corporate
C0370,Vikram Verma,Pune,Maharashtra,Consumer
C0371,Vivaan Verma,Coimbatore,Tamil Nadu,Corporate
C0372,Meera Patel,Chennai,Tamil Nadu,Consumer
C0373,Rohan Gupta,Howrah,West Bengal,Small Business
C0374,Aditya Iyer,Nagpur,Maharashtra,Consumer
C0375,Vikram Reddy,Kozhikode,Kerala,Consumer
C0376,Diya Sharma,Nizamabad,Telangana,Corporate
C0377,Aarav Verma,Mumbai,Maharashtra,Small Business
C0378,Rahul Singh,Nagpur,Maharashtra,Consumer
C0379,Karan Mehta,Durgapur,West Bengal,Consumer
C0380,Vivaan Patel,Nagpur,Maharashtra,Consumer
C0381,Sai Patel,Kolkata,West Bengal,Small Business
C0382,Pooja Joshi,Thiruvananthapuram,Kerala,Consumer
C0383,Meera Nair,Nagpur,Maharashtra,Consumer
C0384,Priya Singh,Howrah,West Bengal,Consumer
C0385,Diya Mehta,Kozhikode,Kerala,Consumer
C0386,Aditya Reddy,Coimbatore,Tamil Nadu,Corporate
C0387,Rohan Iyer,Ahmedabad,Gujarat,Small Business
C0388,Nisha Gupta,Hyderabad,Telangana,Consumer
C0389,Arjun Nair,Dwarka,Delhi,Consumer
C0390,Aditya Sharma,Rohini,Delhi,Consumer
C0391,Rahul Singh,Nagpur,Maharashtra,Consumer
C0392,Arjun Reddy,Chennai,Tamil Nadu,Small Business
C0393,Kavya Rao,Chennai,Tamil Nadu,Consumer
C0394,Aditi Mehta,Rohini,Delhi,Corporate
C0395,Sumanth Rao,Chennai,Tamil Nadu,Consumer
C0396,Sai Bhat,Kochi,Kerala,Consumer
C0397,Karan Gupta,Dwarka,Delhi,Consumer
C0398,Pooja Joshi,Kozhikode,Kerala,Consumer
C0399,Kavya Bhat,Hyderabad,Telangana,Consumer
C0400,Meera Gupta,Ahmedabad,Gujarat,Consumer
C0401,Vivaan Kumar,Madurai,Tamil Nadu,Consumer
C0402,Priya Verma,Mangaluru,Karnataka,Small Business
C0403,Meera Reddy,Nizamabad,Telangana,Corporate
C0404,Diya Joshi,Kozhikode,Kerala,Small Business
C0405,Pooja Verma,Nizamabad,Telangana,Consumer
C0406,Rahul Bhat,Surat,Gujarat,Corporate
C0407,Sai Mehta,Pune,Maharashtra,Consumer
C0408,Aditya Reddy,Coimbatore,Tamil Nadu,Consumer
C0409,Sumanth Kumar,Durgapur,West Bengal,Corporate
C0410,Karan Kumar,Nizamabad,Telangana,Consumer
C0411,Rahul Rao,Kozhikode,Kerala,Small Business
C0412,Aarav Patel,Thiruvananthapuram,Kerala,Consumer
C0413,Vivaan Kumar,Nizamabad,Telangana,Consumer
C0414,Rohan Gupta,Ahmedabad,Gujarat,Corporate
C0415,Kavya Mehta,Mysuru,Karnataka,Small Business
C0416,Aditya Verma,Thiruvananthapuram,Kerala,Consumer
C0417,Sumanth Nair,Mysuru,Karnataka,Consumer
C0418,Aditya Gupta,Durgapur,West Bengal,Consumer
C0419,Ishita Kumar,Chennai,Tamil Nadu,Consumer
C0420,Pooja Das,Mangaluru,Karnataka,Consumer
C0421,Arjun Joshi,Kozhikode,Kerala,Consumer
C0422,Aarav Gupta,Mumbai,Maharashtra,Consumer
C0423,Sai Gupta,Kochi,Kerala,Consumer
C0424,Sneha Nair,Warangal,Telangana,Consumer
C0425,Vivaan Nair,Dwarka,Delhi,Consumer
C0426,Rohan Singh,Vadodara,Gujarat,Consumer
C0427,Diya Das,Vadodara,Gujarat,Consumer
C0428,Arjun Joshi,Rohini,Delhi,Corporate
C0429,Ishita Das,Coimbatore,Tamil Nadu,Small Business
C0430,Ananya Rao,Madurai,Tamil Nadu,Corporate
C0431,Sneha Singh,Mumbai,Maharashtra,Consumer
C0432,Karan Reddy,Howrah,West Bengal,Consumer
C0433,Sneha Patel,New Delhi,Delhi,Consumer
C0434,Vivaan Bhat,Nizamabad,Telangana,Consumer
C0435,Rohan Verma,Mysuru,Karnataka,Small Business
C0436,Arjun Iyer,Howrah,West Bengal,Consumer
C0437,Sai Joshi,Madurai,Tamil Nadu,Consumer
C0438,Vikram Reddy,Bengaluru,Karnataka,Consumer
C0439,Vivaan Rao,New Delhi,Delhi,Corporate
C0440,Aditya Joshi,Howrah,West Bengal,Consumer
C0441,Rahul Verma,Ahmedabad,Gujarat,Consumer
C0442,Karan Rao,Pune,Maharashtra,Consumer
C0443,Karan Kumar,Kolkata,West Bengal,Consumer
C0444,Sneha Verma,Chennai,Tamil Nadu,Consumer
C0445,Pooja Sharma,Mysuru,Karnataka,Consumer
C0446,Aarav Mehta,Rohini,Delhi,Small Business
C0447,Meera Joshi,Dwarka,Delhi,Corporate
C0448,Pooja Reddy,Nagpur,Maharashtra,Consumer
C0449,Sai Singh,Pune,Maharashtra,Consumer
C0450,Diya Joshi,Pune,Maharashtra,Consumer
C0451,Pooja Sharma,Bengaluru,Karnataka,Small Business
C0452,Aditya Mehta,Vadodara,Gujarat,Consumer
C0453,Rohan Joshi,Madurai,Tamil Nadu,Small Business
C0454,Aditi Gupta,Coimbatore,Tamil Nadu,Consumer
C0455,Arjun Das,Bengaluru,Karnataka,Small Business
C0456,Vivaan Joshi,Chennai,Tamil Nadu,Corporate
C0457,Arjun Patel,Mangaluru,Karnataka,Consumer
C0458,Pooja Reddy,Vadodara,Gujarat,Corporate
C0459,Rahul Bhat,Howrah,West Bengal,Small Business
C0460,Aarav Singh,Bengaluru,Karnataka,Consumer
C0461,Pooja Nair,Mangaluru,Karnataka,Consumer
C0462,Kavya Kumar,Vadodara,Gujarat,Consumer
C0463,Aditi Mehta,Pune,Maharashtra,Consumer
C0464,Sneha Joshi,Mumbai,Maharashtra,Consumer
C0465,Sneha Kumar,Coimbatore,Tamil Nadu,Consumer
C0466,Ananya Rao,Mysuru,Karnataka,Consumer
C0467,Diya Das,Surat,Gujarat,Small Business
C0468,Ishita Rao,Madurai,Tamil Nadu,Small Business
C0469,Sneha Reddy,Mangaluru,Karnataka,Consumer
C0470,Aditya Kumar,Nagpur,Maharashtra,Consumer
C0471,Rohan Kumar,Mumbai,Maharashtra,Small Business
C0472,Diya Patel,Durgapur,West Bengal,Consumer
C0473,Aditya Sharma,Bengaluru,Karnataka,Consumer
C0474,Sumanth Joshi,Mangaluru,Karnataka,Consumer
C0475,Arjun Joshi,Hyderabad,Telangana,Corporate
C0476,Vikram Mehta,Mysuru,Karnataka,Small Business
C0477,Rahul Gupta,Ahmedabad,Gujarat,Small Business
C0478,Vivaan Nair,Bengaluru,Karnataka,Corporate
C0479,Pooja Kumar,Hyderabad,Telangana,Corporate
C0480,Vivaan Mehta,Madurai,Tamil Nadu,Consumer
C0481,Kavya Kumar,Kolkata,West Bengal,Consumer
C0482,Aditi Patel,Nizamabad,Telangana,Consumer
C0483,Ananya Mehta,Pune,Maharashtra,Corporate
C0484,Pooja Patel,Surat,Gujarat,Corporate
C0485,Priya Joshi,New Delhi,Delhi,Corporate
C0486,Aarav Das,Kochi,Kerala,Small Business
C0487,Vikram Verma,Thiruvananthapuram,Kerala,Consumer
C0488,Rahul Reddy,Thiruvananthapuram,Kerala,Consumer
C0489,Rohan Gupta,Ahmedabad,Gujarat,Consumer
C0490,Sai Mehta,Kozhikode,Kerala,Consumer
C0491,Karan Patel,Kolkata,West Bengal,Corporate
C0492,Nisha Sharma,Surat,Gujarat,Consumer
C0493,Ananya Nair,New Delhi,Delhi,Consumer
C0494,Kavya Mehta,Coimbatore,Tamil Nadu,Consumer
C0495,Nisha Mehta,Coimbatore,Tamil Nadu,Corporate
C0496,Priya Mehta,Bengaluru,Karnataka,Corporate
C0497,Rahul Gupta,Ahmedabad,Gujarat,Corporate
C0498,Pooja Patel,Mysuru,Karnataka,Consumer
C0499,Sneha Reddy,Thiruvananthapuram,Kerala,Corporate
C0500,Aditya Singh,Pune,Maharashtra,Consumer
C0501,Rahul Sharma,New Delhi,Delhi,Corporate
C0502,Aditi Nair,Madurai,Tamil Nadu,Consumer
C0503,Nisha Iyer,Kochi,Kerala,Consumer
C0504,Rohan Kumar,Mangaluru,Karnataka,Consumer
C0505,Vivaan Sharma,Warangal,Telangana,Consumer
C0506,Priya Joshi,Nizamabad,Telangana,Consumer
C0507,Diya Rao,Kolkata,West Bengal,Corporate
C0508,Nisha Iyer,Nagpur,Maharashtra,Consumer
C0509,Sai Sharma,Chennai,Tamil Nadu,Corporate
C0510,Sumanth Kumar,Bengaluru,Karnataka,Consumer
C0511,Karan Bhat,Vadodara,Gujarat,Small Business
C0512,Meera Das,Nizamabad,Telangana,Consumer
C0513,Ishita Iyer,Mysuru,Karnataka,Consumer
C0514,Rahul Verma,Nagpur,Maharashtra,Consumer
C0515,Diya Kumar,Dwarka,Delhi,Consumer
C0516,Diya Iyer,Dwarka,Delhi,Corporate
C0517,Sumanth Sharma,Nizamabad,Telangana,Consumer
C0518,Karan Singh,Mysuru,Karnataka,Corporate
C0519,Kavya Singh,Mangaluru,Karnataka,Corporate
C0520,Priya Singh,Pune,Maharashtra,Corporate
C0521,Sai Bhat,Kozhikode,Kerala,Corporate
C0522,Aditya Reddy,Howrah,West Bengal,Consumer
C0523,Nisha Verma,Pune,Maharashtra,Consumer
C0524,Priya Singh,Thiruvananthapuram,Kerala,Consumer
C0525,Vivaan Nair,Bengaluru,Karnataka,Consumer
C0526,Priya Das,Kolkata,West Bengal,Consumer
C0527,Arjun Reddy,Nagpur,Maharashtra,Consumer
C0528,Arjun Verma,Rohini,Delhi,Corporate
C0529,Pooja Kumar,Chennai,Tamil Nadu,Small Business
C0530,Arjun Das,Mumbai,Maharashtra,Corporate
C0531,Rahul Das,Kozhikode,Kerala,Consumer
C0532,Diya Nair,Bengaluru,Karnataka,Small Business
C0533,Priya Verma,Kochi,Kerala,Small Business
C0534,Karan Kumar,Thiruvananthapuram,Kerala,Consumer
C0535,Karan Bhat,Ahmedabad,Gujarat,Small Business
C0536,Nisha Mehta,Thiruvananthapuram,Kerala,Corporate
C0537,Karan Nair,Bengaluru,Karnataka,Consumer
C0538,Ananya Nair,Pune,Maharashtra,Consumer
C0539,Karan Rao,Durgapur,West Bengal,Consumer
C0540,Priya Joshi,Bengaluru,Karnataka,Consumer
C0541,Pooja Bhat,Bengaluru,Karnataka,Consumer
C0542,Aditya Kumar,Mysuru,Karnataka,Corporate
C0543,Vivaan Sharma,Mangaluru,Karnataka,Consumer
C0544,Aarav Joshi,Hyderabad,Telangana,Consumer
C0545,Sumanth Iyer,New Delhi,Delhi,Consumer
C0546,Diya Mehta,Howrah,West Bengal,Consumer
C0547,Nisha Verma,Mysuru,Karnataka,Consumer
C0548,Kavya Iyer,Mysuru,Karnataka,Corporate
C0549,Aditi Mehta,Nagpur,Maharashtra,Consumer
C0550,Pooja Rao,Pune,Maharashtra,Consumer
C0551,Vikram Singh,Hyderabad,Telangana,Consumer
C0552,Priya Iyer,Madurai,Tamil Nadu,Corporate
C0553,Kavya Patel,Howrah,West Bengal,Consumer
C0554,Diya Nair,Nagpur,Maharashtra,Consumer
C0555,Rahul Nair,Nizamabad,Telangana,Consumer
C0556,Aditya Joshi,Mysuru,Karnataka,Small Business
C0557,Nisha Gupta,Mysuru,Karnataka,Small Business
C0558,Priya Sharma,Kochi,Kerala,Corporate
C0559,Nisha Patel,Kochi,Kerala,Consumer
C0560,Vivaan Joshi,Nizamabad,Telangana,Corporate
C0561,Sumanth Nair,Dwarka,Delhi,Consumer
C0562,Sneha Reddy,Howrah,West Bengal,Corporate
C0563,Sai Das,Surat,Gujarat,Consumer
C0564,Aditya Das,Thiruvananthapuram,Kerala,Consumer
C0565,Rahul Das,Mysuru,Karnataka,Small Business
C0566,Vivaan Patel,Howrah,West Bengal,Small Business
C0567,Meera Das,Chennai,Tamil Nadu,Corporate
C0568,Aditya Patel,Kochi,Kerala,Corporate
C0569,Arjun Singh,Thiruvananthapuram,Kerala,Corporate
C0570,Karan Sharma,Chennai,Tamil Nadu,Consumer
C0571,Rohan Gupta,Kolkata,West Bengal,Corporate
C0572,Karan Joshi,Pune,Maharashtra,Consumer
C0573,Ishita Kumar,Kochi,Kerala,Small Business
C0574,Rohan Reddy,Mumbai,Maharashtra,Consumer
C0575,Aarav Gupta,New Delhi,Delhi,Consumer
C0576,Ishita Rao,Chennai,Tamil Nadu,Consumer
C0577,Aarav Iyer,Mysuru,Karnataka,Consumer
C0578,Pooja Reddy,Dwarka,Delhi,Consumer
C0579,Sai Verma,Mysuru,Karnataka,Corporate
C0580,Kavya Gupta,Coimbatore,Tamil Nadu,Consumer
C0581,Priya Das,Warangal,Telangana,Consumer
C0582,Vivaan Das,Warangal,Telangana,Small Business
C0583,Diya Patel,Nizamabad,Telangana,Consumer
C0584,Priya Nair,Durgapur,West Bengal,Small Business
C0585,Aarav Rao,Kozhikode,Kerala,Consumer
C0586,Pooja Verma,Warangal,Telangana,Small Business
C0587,Sai Reddy,Hyderabad,Telangana,Consumer
C0588,Arjun Bhat,Nagpur,Maharashtra,Consumer
C0589,Vivaan Das,Hyderabad,Telangana,Consumer
C0590,Aarav Reddy,Nagpur,Maharashtra,Consumer
C0591,Priya Bhat,Kozhikode,Kerala,Consumer
C0592,Sneha Mehta,Nagpur,Maharashtra,Consumer
C0593,Meera Mehta,Mysuru,Karnataka,Consumer
C0594,Rahul Kumar,Thiruvananthapuram,Kerala,Consumer
C0595,Vikram Gupta,Warangal,Telangana,Corporate
C0596,Priya Iyer,Bengaluru,Karnataka,Consumer
C0597,Karan Verma,Coimbatore,Tamil Nadu,Consumer
C0598,Aditya Joshi,Madurai,Tamil Nadu,Consumer
C0599,Nisha Singh,Bengaluru,Karnataka,Consumer
C0600,Ananya Reddy,Pune,Maharashtra,Consumer
C0601,Aditya Verma,Howrah,West Bengal,Small Business
C0602,Arjun Iyer,Rohini,Delhi,Corporate
C0603,Karan Gupta,Thiruvananthapuram,Kerala,Consumer
C0604,Pooja Kumar,Mumbai,Maharashtra,Corporate
C0605,Nisha Nair,Hyderabad,Telangana,Consumer
C0606,Pooja Patel,Hyderabad,Telangana,Consumer
C0607,Rohan Patel,Warangal,Telangana,Consumer
C0608,Aditi Verma,Chennai,Tamil Nadu,Consumer
C0609,Aarav Patel,Warangal,Telangana,Corporate
C0610,Vikram Mehta,Kochi,Kerala,Consumer
C0611,Karan Sharma,Nagpur,Maharashtra,Corporate
C0612,Sai Mehta,Vadodara,Gujarat,Consumer
C0613,Kavya Das,Durgapur,West Bengal,Small Business
C0614,Nisha Bhat,Hyderabad,Telangana,Corporate
C0615,Ishita Reddy,Hyderabad,Telangana,Corporate
C0616,Kavya Nair,Kolkata,West Bengal,Small Business
C0617,Rohan Bhat,Nizamabad,Telangana,Consumer
C0618,Sai Patel,Coimbatore,Tamil Nadu,Consumer
C0619,Meera Kumar,Chennai,Tamil Nadu,Small Business
C0620,Pooja Verma,Chennai,Tamil Nadu,Consumer
C0621,Rohan Rao,Coimbatore,Tamil Nadu,Consumer
C0622,Diya Gupta,Coimbatore,Tamil Nadu,Consumer
C0623,Rohan Iyer,Vadodara,Gujarat,Corporate
C0624,Ananya Joshi,Kozhikode,Kerala,Consumer
C0625,Arjun Patel,Pune,Maharashtra,Consumer
C0626,Arjun Bhat,Mangaluru,Karnataka,Consumer
C0627,Sneha Patel,Pune,Maharashtra,Consumer
C0628,Aarav Sharma,Kolkata,West Bengal,Consumer
C0629,Ishita Rao,Bengaluru,Karnataka,Small Business
C0630,Rohan Kumar,Ahmedabad,Gujarat,Consumer
C0631,Sneha Singh,Pune,Maharashtra,Consumer
C0632,Sneha Bhat,Warangal,Telangana,Consumer
C0633,Sai Das,Ahmedabad,Gujarat,Consumer
C0634,Ananya Bhat,Nizamabad,Telangana,Small Business
C0635,Vikram Iyer,Bengaluru,Karnataka,Consumer
C0636,Ananya Mehta,Mysuru,Karnataka,Consumer
C0637,Vivaan Nair,Dwarka,Delhi,Corporate
C0638,Ananya Iyer,Chennai,Tamil Nadu,Consumer
C0639,Sneha Rao,Kozhikode,Kerala,Consumer
C0640,Nisha Rao,Madurai,Tamil Nadu,Consumer
C0641,Vivaan Singh,Mangaluru,Karnataka,Consumer
C0642,Arjun Kumar,Coimbatore,Tamil Nadu,Consumer
C0643,Vikram Patel,New Delhi,Delhi,Consumer
C0644,Aarav Rao,Howrah,West Bengal,Consumer
C0645,Priya Reddy,Kochi,Kerala,Corporate
C0646,Sneha Singh,Nizamabad,Telangana,Corporate
C0647,Sai Sharma,Kozhikode,Kerala,Consumer
C0648,Sneha Das,Hyderabad,Telangana,Consumer
C0649,Meera Nair,Durgapur,West Bengal,Corporate
C0650,Ananya Joshi,Howrah,West Bengal,Small Business
C0651,Ananya Iyer,Hyderabad,Telangana,Small Business
C0652,Sai Rao,New Delhi,Delhi,Consumer
C0653,Sneha Verma,Madurai,Tamil Nadu,Consumer
C0654,Sneha Das,Ahmedabad,Gujarat,Consumer
C0655,Aditi Kumar,Bengaluru,Karnataka,Corporate
C0656,Diya Verma,Mangaluru,Karnataka,Consumer
C0657,Aarav Mehta,Howrah,West Bengal,Corporate
C0658,Karan Das,Kochi,Kerala,Consumer
C0659,Sumanth Reddy,Nagpur,Maharashtra,Consumer
C0660,Rohan Nair,Chennai,Tamil Nadu,Small Business
C0661,Vivaan Rao,Kozhikode,Kerala,Consumer
C0662,Aditya Verma,Coimbatore,Tamil Nadu,Consumer
C0663,Sai Nair,Durgapur,West Bengal,Consumer
C0664,Aarav Rao,Nizamabad,Telangana,Consumer
C0665,Aditi Verma,Mysuru,Karnataka,Consumer
C0666,Sumanth Singh,Mumbai,Maharashtra,Consumer
C0667,Kavya Verma,Chennai,Tamil Nadu,Consumer
C0668,Rahul Mehta,New Delhi,Delhi,Consumer
C0669,Vivaan Verma,Pune,Maharashtra,Consumer
C0670,Nisha Verma,Kolkata,West Bengal,Corporate
C0671,Meera Iyer,Nizamabad,Telangana,Consumer
C0672,Meera Sharma,Nizamabad,Telangana,Small Business
C0673,Priya Das,Mysuru,Karnataka,Corporate
C0674,Aarav Gupta,Pune,Maharashtra,Small Business
C0675,Kavya Bhat,Warangal,Telangana,Consumer
C0676,Aditya Iyer,Ahmedabad,Gujarat,Corporate
C0677,Sumanth Sharma,Mangaluru,Karnataka,Consumer
C0678,Sumanth Verma,Pune,Maharashtra,Consumer
C0679,Vikram Sharma,Mangaluru,Karnataka,Small Business
C0680,Ananya Reddy,New Delhi,Delhi,Corporate
C0681,Rahul Singh,Ahmedabad,Gujarat,Consumer
C0682,Rohan Das,Hyderabad,Telangana,Small Business
C0683,Sneha Reddy,Warangal,Telangana,Consumer
C0684,Kavya Rao,Kolkata,West Bengal,Consumer
C0685,Aditi Bhat,Mumbai,Maharashtra,Consumer
C0686,Vikram Gupta,Hyderabad,Telangana,Consumer
C0687,Pooja Singh,Durgapur,West Bengal,Corporate
C0688,Priya Gupta,Mangaluru,Karnataka,Consumer
C0689,Nisha Gupta,Coimbatore,Tamil Nadu,Small Business
C0690,Arjun Gupta,Madurai,Tamil Nadu,Consumer
C0691,Rahul Bhat,Warangal,Telangana,Consumer
C0692,Pooja Reddy,Thiruvananthapuram,Kerala,Consumer
C0693,Vivaan Kumar,Durgapur,West Bengal,Corporate
C0694,Vivaan Iyer,Nizamabad,Telangana,Corporate
C0695,Kavya Mehta,Kolkata,West Bengal,Consumer
C0696,Nisha Iyer,Madurai,Tamil Nadu,Small Business
C0697,Ishita Rao,Mumbai,Maharashtra,Corporate
C0698,Sai Kumar,Thiruvananthapuram,Kerala,Consumer
C0699,Sai Joshi,Pune,Maharashtra,Consumer
C0700,Meera Nair,Coimbatore,Tamil Nadu,Consumer
C0701,Sneha Kumar,Dwarka,Delhi,Corporate
C0702,Nisha Gupta,Dwarka,Delhi,Corporate
C0703,Rohan Joshi,Hyderabad,Telangana,Small Business
C0704,Karan Reddy,Dwarka,Delhi,Consumer
C0705,Sneha Mehta,Bengaluru,Karnataka,Consumer
C0706,Rohan Verma,Nagpur,Maharashtra,Consumer
C0707,Sneha Rao,Ahmedabad,Gujarat,Consumer
C0708,Pooja Kumar,Warangal,Telangana,Consumer
C0709,Nisha Rao,Madurai,Tamil Nadu,Consumer
C0710,Rahul Verma,Warangal,Telangana,Corporate
C0711,Pooja Joshi,Madurai,Tamil Nadu,Consumer
C0712,Nisha Bhat,Rohini,Delhi,Consumer
C0713,Nisha Bhat,Nizamabad,Telangana,Consumer
C0714,Diya Kumar,Nagpur,Maharashtra,Corporate
C0715,Aarav Nair,Mumbai,Maharashtra,Small Business
C0716,Sneha Patel,Vadodara,Gujarat,Consumer
C0717,Nisha Sharma,Thiruvananthapuram,Kerala,Corporate
C0718,Ishita Rao,Pune,Maharashtra,Consumer
C0719,Rahul Verma,Nizamabad,Telangana,Consumer
C0720,Nisha Gupta,Mangaluru,Karnataka,Consumer
C0721,Ananya Joshi,Mysuru,Karnataka,Corporate
C0722,Sumanth Kumar,Surat,Gujarat,Small Business
C0723,Kavya Patel,Vadodara,Gujarat,Corporate
C0724,Priya Iyer,Dwarka,Delhi,Consumer
C0725,Ananya Kumar,Kozhikode,Kerala,Consumer
C0726,Kavya Gupta,Nizamabad,Telangana,Consumer
C0727,Karan Joshi,Coimbatore,Tamil Nadu,Consumer
C0728,Aarav Bhat,Chennai,Tamil Nadu,Consumer
C0729,Rohan Gupta,Mangaluru,Karnataka,Consumer
C0730,Pooja Bhat,Dwarka,Delhi,Consumer
C0731,Aarav Patel,Rohini,Delhi,Consumer
C0732,Kavya Nair,Hyderabad,Telangana,Corporate
C0733,Priya Iyer,Kolkata,West Bengal,Consumer
C0734,Sneha Reddy,Warangal,Telangana,Corporate
C0735,Aarav Iyer,Thiruvananthapuram,Kerala,Corporate
C0736,Vikram Gupta,Surat,Gujarat,Corporate
C0737,Meera Bhat,Rohini,Delhi,Small Business
C0738,Rohan Joshi,Hyderabad,Telangana,Consumer
C0739,Aarav Nair,Mysuru,Karnataka,Consumer
C0740,Rahul Singh,Mysuru,Karnataka,Consumer
C0741,Meera Das,Howrah,West Bengal,Consumer
C0742,Sneha Mehta,Mysuru,Karnataka,Consumer
C0743,Nisha Gupta,Madurai,Tamil Nadu,Consumer
C0744,Priya Singh,Rohini,Delhi,Corporate
C0745,Aditya Singh,Hyderabad,Telangana,Consumer
C0746,Vivaan Verma,Dwarka,Delhi,Small Business
C0747,Sai Verma,Howrah,West Bengal,Consumer
C0748,Rohan Kumar,Nagpur,Maharashtra,Small Business
C0749,Nisha Verma,Vadodara,Gujarat,Small Business
C0750,Ananya Bhat,Mangaluru,Karnataka,Consumer
C0751,Ananya Verma,Madurai,Tamil Nadu,Consumer
C0752,Aditi Reddy,Mysuru,Karnataka,Consumer
C0753,Diya Iyer,Surat,Gujarat,Consumer
C0754,Diya Kumar,Pune,Maharashtra,Corporate
C0755,Sneha Joshi,Mangaluru,Karnataka,Consumer
C0756,Rohan Verma,Vadodara,Gujarat,Small Business
C0757,Pooja Sharma,Durgapur,West Bengal,Corporate
C0758,Arjun Rao,Thiruvananthapuram,Kerala,Corporate
C0759,Sai Mehta,Kolkata,West Bengal,Consumer
C0760,Priya Reddy,Nagpur,Maharashtra,Consumer
C0761,Vikram Mehta,Vadodara,Gujarat,Consumer
C0762,Ananya Joshi,Pune,Maharashtra,Small Business
C0763,Ananya Rao,Nizamabad,Telangana,Corporate
C0764,Rohan Rao,Coimbatore,Tamil Nadu,Consumer
C0765,Priya Reddy,Mumbai,Maharashtra,Corporate
C0766,Vivaan Verma,Howrah,West Bengal,Corporate
C0767,Arjun Reddy,Ahmedabad,Gujarat,Consumer
C0768,Vikram Patel,Howrah,West Bengal,Corporate
C0769,Priya Kumar,Mysuru,Karnataka,Consumer
C0770,Rahul Bhat,Vadodara,Gujarat,Small Business
C0771,Kavya Gupta,Mangaluru,Karnataka,Consumer
C0772,Meera Iyer,Ahmedabad,Gujarat,Consumer
C0773,Kavya Gupta,Madurai,Tamil Nadu,Consumer
C0774,Karan Patel,Vadodara,Gujarat,Consumer
C0775,Aditi Reddy,Rohini,Delhi,Consumer
C0776,Aarav Mehta,Hyderabad,Telangana,Consumer
C0777,Aditi Rao,Pune,Maharashtra,Consumer
C0778,Nisha Joshi,Mumbai,Maharashtra,Consumer
C0779,Arjun Patel,Coimbatore,Tamil Nadu,Corporate
C0780,Arjun Rao,Nizamabad,Telangana,Small Business
C0781,Rohan Kumar,Nizamabad,Telangana,Consumer
C0782,Ananya Singh,Mysuru,Karnataka,Consumer
C0783,Sneha Reddy,Mumbai,Maharashtra,Consumer
C0784,Priya Kumar,Surat,Gujarat,Corporate
C0785,Pooja Kumar,Coimbatore,Tamil Nadu,Consumer
C0786,Aditi Sharma,Mumbai,Maharashtra,Consumer
C0787,Kavya Reddy,Howrah,West Bengal,Small Business
C0788,Nisha Mehta,Kolkata,West Bengal,Corporate
C0789,Priya Singh,Dwarka,Delhi,Small Business
C0790,Ananya Verma,Warangal,Telangana,Consumer
C0791,Sumanth Reddy,Thiruvananthapuram,Kerala,Corporate
C0792,Rohan Kumar,Kozhikode,Kerala,Corporate
C0793,Aarav Patel,Ahmedabad,Gujarat,Consumer
C0794,Ananya Gupta,Rohini,Delhi,Consumer
C0795,Aditya Joshi,Warangal,Telangana,Corporate
C0796,Karan Patel,Chennai,Tamil Nadu,Corporate
C0797,Priya Nair,Rohini,Delhi,Consumer
C0798,Sneha Reddy,Vadodara,Gujarat,Corporate
C0799,Kavya Reddy,Kozhikode,Kerala,Corporate
C0800,Priya Iyer,Coimbatore,Tamil Nadu,Corporate
C0801,Sai Nair,Kochi,Kerala,Consumer
C0802,Rohan Patel,Hyderabad,Telangana,Consumer
C0803,Arjun Mehta,Durgapur,West Bengal,Consumer
C0804,Rahul Iyer,Ahmedabad,Gujarat,Consumer
C0805,Ananya Gupta,Warangal,Telangana,Consumer
C0806,Aditya Mehta,Chennai,Tamil Nadu,Consumer
C0807,Vivaan Mehta,Dwarka,Delhi,Small Business
C0808,Vivaan Singh,Durgapur,West Bengal,Consumer
C0809,Sneha Reddy,Howrah,West Bengal,Consumer
C0810,Rahul Joshi,Mumbai,Maharashtra,Corporate
C0811,Diya Singh,Rohini,Delhi,Consumer
C0812,Arjun Joshi,Hyderabad,Telangana,Consumer
C0813,Rahul Das,Madurai,Tamil Nadu,Consumer
C0814,Ananya Sharma,Bengaluru,Karnataka,Corporate
C0815,Vikram Patel,Coimbatore,Tamil Nadu,Corporate
C0816,Priya Das,Coimbatore,Tamil Nadu,Small Business
C0817,Sumanth Kumar,Rohini,Delhi,Consumer
C0818,Ishita Gupta,Madurai,Tamil Nadu,Consumer
C0819,Sumanth Joshi,Warangal,Telangana,Consumer
C0820,Rohan Bhat,Mumbai,Maharashtra,Consumer
C0821,Sai Sharma,Rohini,Delhi,Consumer
C0822,Meera Patel,Hyderabad,Telangana,Consumer
C0823,Priya Gupta,Chennai,Tamil Nadu,Consumer
C0824,Karan Gupta,Hyderabad,Telangana,Consumer
C0825,Rahul Rao,Mumbai,Maharashtra,Small Business
C0826,Sneha Reddy,Hyderabad,Telangana,Consumer
C0827,Diya Iyer,Thiruvananthapuram,Kerala,Small Business
C0828,Vikram Bhat,Warangal,Telangana,Consumer
C0829,Sumanth Reddy,Dwarka,Delhi,Small Business
C0830,Sumanth Bhat,Warangal,Telangana,Consumer
C0831,Aditi Nair,New Delhi,Delhi,Small Business
C0832,Diya Iyer,Mumbai,Maharashtra,Consumer
C0833,Ishita Reddy,Mumbai,Maharashtra,Consumer
C0834,Rohan Joshi,Mysuru,Karnataka,Consumer
C0835,Aditi Gupta,Rohini,Delhi,Consumer
C0836,Diya Sharma,New Delhi,Delhi,Consumer
C0837,Ananya Singh,Dwarka,Delhi,Corporate
C0838,Ananya Kumar,Pune,Maharashtra,Consumer
C0839,Ishita Joshi,Vadodara,Gujarat,Consumer
C0840,Nisha Patel,Warangal,Telangana,Consumer
C0841,Rahul Reddy,Kozhikode,Kerala,Consumer
C0842,Sneha Rao,Mangaluru,Karnataka,Consumer
C0843,Aditi Iyer,Kolkata,West Bengal,Consumer
C0844,Arjun Kumar,Durgapur,West Bengal,Small Business
C0845,Karan Iyer,Mumbai,Maharashtra,Consumer
C0846,Ishita Mehta,Bengaluru,Karnataka,Corporate
C0847,Aditya Das,Kozhikode,Kerala,Consumer
C0848,Karan Verma,Pune,Maharashtra,Consumer
C0849,Arjun Patel,Nagpur,Maharashtra,Corporate
C0850,Rohan Bhat,Warangal,Telangana,Consumer
C0851,Ishita Iyer,Kolkata,West Bengal,Corporate
C0852,Arjun Nair,Vadodara,Gujarat,Consumer
C0853,Diya Kumar,Nizamabad,Telangana,Consumer
C0854,Aditi Gupta,Hyderabad,Telangana,Consumer
C0855,Pooja Mehta,Dwarka,Delhi,Consumer
C0856,Meera Gupta,Nagpur,Maharashtra,Consumer
C0857,Rahul Joshi,New Delhi,Delhi,Consumer
C0858,Diya Nair,Vadodara,Gujarat,Consumer
C0859,Vivaan Rao,Kolkata,West Bengal,Consumer
C0860,Karan Reddy,Nizamabad,Telangana,Corporate
C0861,Meera Singh,Bengaluru,Karnataka,Corporate
C0862,Meera Iyer,Mangaluru,Karnataka,Small Business
C0863,Karan Singh,Warangal,Telangana,Consumer
C0864,Ananya Singh,Kolkata,West Bengal,Consumer
C0865,Aditya Rao,Mysuru,Karnataka,Small Business
C0866,Diya Rao,New Delhi,Delhi,Corporate
C0867,Rohan Rao,Warangal,Telangana,Small Business
C0868,Sneha Nair,New Delhi,Delhi,Consumer
C0869,Diya Mehta,Mysuru,Karnataka,Small Business
C0870,Sumanth Singh,Howrah,West Bengal,Corporate
C0871,Sai Verma,Kochi,Kerala,Small Business
C0872,Rahul Mehta,Mysuru,Karnataka,Consumer
C0873,Pooja Nair,New Delhi,Delhi,Consumer
C0874,Arjun Kumar,Dwarka,Delhi,Consumer
C0875,Ananya Joshi,Bengaluru,Karnataka,Consumer
C0876,Karan Rao,Surat,Gujarat,Consumer
C0877,Arjun Kumar,Coimbatore,Tamil Nadu,Consumer
C0878,Priya Bhat,Nizamabad,Telangana,Corporate
C0879,Meera Sharma,Kolkata,West Bengal,Consumer
C0880,Vivaan Nair,Rohini,Delhi,Consumer
C0881,Aditya Patel,Bengaluru,Karnataka,Corporate
C0882,Priya Verma,Howrah,West Bengal,Consumer
C0883,Priya Joshi,Madurai,Tamil Nadu,Small Business
C0884,Arjun Joshi,Vadodara,Gujarat,Small Business
C0885,Aarav Patel,Nagpur,Maharashtra,Consumer
C0886,Arjun Kumar,Bengaluru,Karnataka,Small Business
C0887,Aditi Iyer,Bengaluru,Karnataka,Corporate
C0888,Ananya Verma,Rohini,Delhi,Corporate
C0889,Nisha Patel,Bengaluru,Karnataka,Consumer
C0890,Ananya Iyer,New Delhi,Delhi,Consumer
C0891,Arjun Das,New Delhi,Delhi,Consumer
C0892,Ishita Kumar,Mangaluru,Karnataka,Consumer
C0893,Sai Sharma,Madurai,Tamil Nadu,Consumer
C0894,Rohan Reddy,Mumbai,Maharashtra,Corporate
C0895,Sumanth Patel,Kochi,Kerala,Consumer
C0896,Rohan Das,Nizamabad,Telangana,Corporate
C0897,Vivaan Sharma,Surat,Gujarat,Consumer
C0898,Ananya Kumar,Mangaluru,Karnataka,Small Business
C0899,Kavya Rao,Hyderabad,Telangana,Corporate
C0900,Aditya Mehta,Dwarka,Delhi,Consumer
C0901,Ananya Verma,Hyderabad,Telangana,Consumer
C0902,Sai Verma,Mysuru,Karnataka,Consumer
C0903,Nisha Singh,Nizamabad,Telangana,Small Business
C0904,Nisha Reddy,Kochi,Kerala,Corporate
C0905,Ishita Patel,New Delhi,Delhi,Consumer
C0906,Kavya Nair,Hyderabad,Telangana,Small Business
C0907,Sneha Gupta,New Delhi,Delhi,Corporate
C0908,Aditya Mehta,Nizamabad,Telangana,Consumer
C0909,Priya Nair,Hyderabad,Telangana,Consumer
C0910,Kavya Kumar,Nagpur,Maharashtra,Consumer
C0911,Sneha Kumar,Nizamabad,Telangana,Consumer
C0912,Rohan Kumar,Mangaluru,Karnataka,Consumer
C0913,Ishita Patel,Pune,Maharashtra,Consumer
C0914,Ananya Reddy,Pune,Maharashtra,Consumer
C0915,Pooja Verma,Thiruvananthapuram,Kerala,Small Business
C0916,Priya Mehta,Rohini,Delhi,Consumer
C0917,Vivaan Kumar,Hyderabad,Telangana,Consumer
C0918,Arjun Iyer,Chennai,Tamil Nadu,Corporate
C0919,Aditya Joshi,Nagpur,Maharashtra,Consumer
C0920,Kavya Patel,Nizamabad,Telangana,Consumer
C0921,Kavya Sharma,Mysuru,Karnataka,Corporate
C0922,Pooja Joshi,Nizamabad,Telangana,Corporate
C0923,Diya Verma,Bengaluru,Karnataka,Consumer
C0924,Aditya Gupta,Warangal,Telangana,Consumer
C0925,Aditya Singh,Bengaluru,Karnataka,Consumer
C0926,Sneha Verma,Madurai,Tamil Nadu,Small Business
C0927,Nisha Joshi,Nagpur,Maharashtra,Consumer
C0928,Rohan Verma,Mumbai,Maharashtra,Corporate
C0929,Sai Reddy,Ahmedabad,Gujarat,Consumer
C0930,Nisha Singh,Mangaluru,Karnataka,Consumer
C0931,Aditya Joshi,Kolkata,West Bengal,Consumer
C0932,Aarav Reddy,Hyderabad,Telangana,Corporate
C0933,Sai Joshi,Hyderabad,Telangana,Consumer
C0934,Aditi Das,Mysuru,Karnataka,Small Business
C0935,Aditi Verma,Nizamabad,Telangana,Corporate
C0936,Ananya Iyer,Dwarka,Delhi,Corporate
C0937,Priya Reddy,Pune,Maharashtra,Consumer
C0938,Sai Sharma,New Delhi,Delhi,Consumer
C0939,Arjun Joshi,Hyderabad,Telangana,Corporate
C0940,Aarav Reddy,Coimbatore,Tamil Nadu,Consumer
C0941,Sneha Das,Coimbatore,Tamil Nadu,Consumer
C0942,Aarav Bhat,Pune,Maharashtra,Corporate
C0943,Sai Reddy,Nagpur,Maharashtra,Small Business
C0944,Sumanth Patel,Bengaluru,Karnataka,Small Business
C0945,Aarav Mehta,Dwarka,Delhi,Consumer
C0946,Karan Reddy,Mumbai,Maharashtra,Small Business
C0947,Priya Joshi,Thiruvananthapuram,Kerala,Consumer
C0948,Arjun Das,Warangal,Telangana,Consumer
C0949,Karan Verma,Nizamabad,Telangana,Consumer
C0950,Aditya Joshi,New Delhi,Delhi,Corporate
C0951,Sumanth Reddy,Vadodara,Gujarat,Consumer
C0952,Vivaan Bhat,Mangaluru,Karnataka,Consumer
C0953,Rahul Singh,Hyderabad,Telangana,Consumer
C0954,Ananya Mehta,Pune,Maharashtra,Consumer
C0955,Karan Das,Mumbai,Maharashtra,Consumer
C0956,Ishita Gupta,Nizamabad,Telangana,Corporate
C0957,Ananya Mehta,Kolkata,West Bengal,Consumer
C0958,Priya Reddy,Nizamabad,Telangana,Consumer
C0959,Sai Verma,Chennai,Tamil Nadu,Consumer
C0960,Ananya Iyer,Pune,Maharashtra,Corporate
C0961,Karan Patel,Bengaluru,Karnataka,Consumer
C0962,Ishita Verma,Mysuru,Karnataka,Corporate
C0963,Aditya Rao,Dwarka,Delhi,Small Business
C0964,Meera Joshi,Warangal,Telangana,Consumer
C0965,Sumanth Nair,Nagpur,Maharashtra,Small Business
C0966,Rohan Bhat,Chennai,Tamil Nadu,Consumer
C0967,Nisha Iyer,Surat,Gujarat,Consumer
C0968,Aditi Gupta,Dwarka,Delhi,Small Business
C0969,Rohan Mehta,Chennai,Tamil Nadu,Corporate
C0970,Diya Sharma,Kochi,Kerala,Corporate
C0971,Vivaan Das,Kozhikode,Kerala,Corporate
C0972,Meera Sharma,New Delhi,Delhi,Corporate
C0973,Nisha Sharma,Pune,Maharashtra,Corporate
C0974,Vikram Patel,Nagpur,Maharashtra,Consumer
C0975,Ishita Bhat,Nizamabad,Telangana,Consumer
C0976,Sai Verma,Hyderabad,Telangana,Consumer
C0977,Pooja Das,New Delhi,Delhi,Small Business
C0978,Sai Verma,Ahmedabad,Gujarat,Corporate
C0979,Arjun Verma,Coimbatore,Tamil Nadu,Consumer
C0980,Ishita Mehta,Surat,Gujarat,Corporate
C0981,Ananya Mehta,Mumbai,Maharashtra,Consumer
C0982,Arjun Gupta,Nizamabad,Telangana,Consumer
C0983,Aarav Nair,Coimbatore,Tamil Nadu,Consumer
C0984,Aarav Sharma,Mysuru,Karnataka,Consumer
C0985,Karan Sharma,Ahmedabad,Gujarat,Corporate
C0986,Nisha Joshi,Madurai,Tamil Nadu,Corporate
C0987,Aarav Sharma,Pune,Maharashtra,Small Business
C0988,Rohan Bhat,Kolkata,West Bengal,Small Business
C0989,Pooja Patel,Hyderabad,Telangana,Corporate
C0990,Vikram Verma,Warangal,Telangana,Corporate
C0991,Diya Rao,Kolkata,West Bengal,Consumer
C0992,Kavya Singh,Kochi,Kerala,Consumer
C0993,Sumanth Rao,Pune,Maharashtra,Consumer
C0994,Sumanth Mehta,Surat,Gujarat,Small Business
C0995,Sumanth Verma,Mumbai,Maharashtra,Corporate
C0996,Priya Iyer,Nagpur,Maharashtra,Corporate
C0997,Sneha Joshi,New Delhi,Delhi,Consumer
C0998,Aditi Sharma,Mumbai,Maharashtra,Small Business
C0999,Aditya Nair,Dwarka,Delhi,Corporate
C1000,Karan Rao,Durgapur,West Bengal,Small Business
C1001,Ananya Rao,Madurai,Tamil Nadu,Corporate
C1002,Aarav Gupta,New Delhi,Delhi,Consumer
C1003,Ishita Singh,Howrah,West Bengal,Small Business
C1004,Aditya Bhat,New Delhi,Delhi,Small Business
C1005,Pooja Mehta,Vadodara,Gujarat,Consumer
C1006,Kavya Das,Pune,Maharashtra,Consumer
C1007,Aditya Nair,Vadodara,Gujarat,Consumer
C1008,Ishita Reddy,Coimbatore,Tamil Nadu,Consumer
C1009,Sai Singh,Vadodara,Gujarat,Consumer
C1010,Aarav Kumar,Mumbai,Maharashtra,Corporate
C1011,Rahul Iyer,Howrah,West Bengal,Consumer
C1012,Karan Mehta,Mysuru,Karnataka,Consumer
C1013,Rahul Reddy,Surat,Gujarat,Consumer
C1014,Aditi Bhat,Mumbai,Maharashtra,Consumer
C1015,Meera Iyer,Surat,Gujarat,Consumer
C1016,Rohan Verma,Pune,Maharashtra,Corporate
C1017,Nisha Gupta,Pune,Maharashtra,Consumer
C1018,Diya Gupta,Dwarka,Delhi,Small Business
C1019,Aditi Verma,Bengaluru,Karnataka,Small Business
C1020,Ananya Joshi,Nagpur,Maharashtra,Consumer
C1021,Aditya Patel,Durgapur,West Bengal,Consumer
C1022,Ananya Rao,Chennai,Tamil Nadu,Corporate
C1023,Sneha Kumar,Mangaluru,Karnataka,Corporate
C1024,Diya Rao,Kolkata,West Bengal,Corporate
C1025,Kavya Bhat,Vadodara,Gujarat,Consumer
C1026,Vikram Verma,Howrah,West Bengal,Corporate
C1027,Kavya Singh,Chennai,Tamil Nadu,Consumer
C1028,Ananya Mehta,Kochi,Kerala,Small Business
C1029,Sumanth Iyer,Kochi,Kerala,Consumer
C1030,Aditi Patel,Mumbai,Maharashtra,Small Business
C1031,Aditya Patel,Warangal,Telangana,Consumer
C1032,Vikram Iyer,Bengaluru,Karnataka,Consumer
C1033,Meera Mehta,New Delhi,Delhi,Corporate
C1034,Vikram Kumar,Coimbatore,Tamil Nadu,Consumer
C1035,Diya Patel,Thiruvananthapuram,Kerala,Consumer
C1036,Sumanth Iyer,Ahmedabad,Gujarat,Consumer
C1037,Ishita Mehta,Ahmedabad,Gujarat,Consumer
C1038,Pooja Bhat,Warangal,Telangana,Consumer
C1039,Ananya Verma,Coimbatore,Tamil Nadu,Corporate
C1040,Rohan Joshi,Bengaluru,Karnataka,Consumer
C1041,Aarav Reddy,Mangaluru,Karnataka,Consumer
C1042,Ishita Das,Nizamabad,Telangana,Consumer
C1043,Rahul Singh,Chennai,Tamil Nadu,Consumer
C1044,Nisha Verma,Mangaluru,Karnataka,Consumer
C1045,Vivaan Gupta,Mangaluru,Karnataka,Consumer
C1046,Priya Sharma,Ahmedabad,Gujarat,Consumer
C1047,Meera Patel,Surat,Gujarat,Consumer
C1048,Karan Kumar,Madurai,Tamil Nadu,Consumer
C1049,Ananya Mehta,Chennai,Tamil Nadu,Corporate
C1050,Aarav Verma,Mysuru,Karnataka,Corporate
C1051,Karan Mehta,Surat,Gujarat,Consumer
C1052,Vivaan Das,Warangal,Telangana,Consumer
C1053,Sai Reddy,Madurai,Tamil Nadu,Consumer
C1054,Vikram Bhat,Chennai,Tamil Nadu,Corporate
C1055,Aarav Patel,Madurai,Tamil Nadu,Consumer
C1056,Rahul Das,Pune,Maharashtra,Consumer
C1057,Aarav Singh,Mysuru,Karnataka,Consumer
C1058,Vivaan Patel,Ahmedabad,Gujarat,Consumer
C1059,Vivaan Reddy,Dwarka,Delhi,Consumer
C1060,Kavya Singh,New Delhi,Delhi,Corporate
C1061,Pooja Bhat,Ahmedabad,Gujarat,Corporate
C1062,Meera Joshi,Vadodara,Gujarat,Corporate
C1063,Nisha Nair,Durgapur,West Bengal,Corporate
C1064,Ishita Joshi,Pune,Maharashtra,Consumer
C1065,Pooja Joshi,Durgapur,West Bengal,Consumer
C1066,Aditya Das,Rohini,Delhi,Small Business
C1067,Ananya Iyer,Surat,Gujarat,Consumer
C1068,Rahul Patel,Thiruvananthapuram,Kerala,Corporate
C1069,Sumanth Iyer,Durgapur,West Bengal,Consumer
C1070,Kavya Gupta,Ahmedabad,Gujarat,Consumer
C1071,Rohan Mehta,New Delhi,Delhi,Consumer
C1072,Meera Reddy,Mangaluru,Karnataka,Consumer
C1073,Pooja Nair,Chennai,Tamil Nadu,Consumer
C1074,Rohan Patel,Mysuru,Karnataka,Small Business
C1075,Aditi Singh,Bengaluru,Karnataka,Consumer
C1076,Kavya Sharma,Bengaluru,Karnataka,Corporate
C1077,Karan Patel,Mumbai,Maharashtra,Corporate
C1078,Vikram Bhat,Thiruvananthapuram,Kerala,Corporate
C1079,Pooja Verma,Howrah,West Bengal,Corporate
C1080,Kavya Das,Warangal,Telangana,Small Business
C1081,Kavya Patel,Warangal,Telangana,Consumer
C1082,Ishita Mehta,Nagpur,Maharashtra,Small Business
C1083,Karan Nair,Nizamabad,Telangana,Consumer
C1084,Aarav Sharma,Madurai,Tamil Nadu,Consumer
C1085,Ishita Gupta,Mumbai,Maharashtra,Corporate
C1086,Aarav Patel,Coimbatore,Tamil Nadu,Consumer
C1087,Karan Gupta,Bengaluru,Karnataka,Consumer
C1088,Sai Iyer,Hyderabad,Telangana,Corporate
C1089,Pooja Bhat,Kochi,Kerala,Consumer
C1090,Rahul Sharma,Pune,Maharashtra,Consumer
C1091,Sumanth Reddy,Madurai,Tamil Nadu,Corporate
C1092,Diya Das,Ahmedabad,Gujarat,Corporate
C1093,Aarav Gupta,Pune,Maharashtra,Consumer
C1094,Aditya Verma,Mangaluru,Karnataka,Small Business
C1095,Sai Rao,Dwarka,Delhi,Consumer
C1096,Rohan Verma,Pune,Maharashtra,Consumer
C1097,Aarav Das,Rohini,Delhi,Consumer
C1098,Meera Nair,Rohini,Delhi,Corporate
C1099,Aditi Mehta,New Delhi,Delhi,Corporate
C1100,Priya Patel,Dwarka,Delhi,Consumer
C1101,Rohan Bhat,Coimbatore,Tamil Nadu,Consumer
C1102,Rohan Patel,Dwarka,Delhi,Corporate
C1103,Sneha Singh,Madurai,Tamil Nadu,Consumer
C1104,Meera Iyer,Hyderabad,Telangana,Consumer
C1105,Karan Patel,Thiruvananthapuram,Kerala,Consumer
C1106,Ishita Singh,Dwarka,Delhi,Consumer
C1107,Aditya Joshi,Bengaluru,Karnataka,Small Business
C1108,Rahul Sharma,Chennai,Tamil Nadu,Small Business
C1109,Sumanth Verma,Nizamabad,Telangana,Small Business
C1110,Meera Singh,Rohini,Delhi,Small Business
C1111,Aditi Reddy,Warangal,Telangana,Small Business
C1112,Priya Reddy,Mangaluru,Karnataka,Corporate
C1113,Priya Joshi,Nagpur,Maharashtra,Corporate
C1114,Aarav Rao,Mangaluru,Karnataka,Consumer
C1115,Aditya Das,Mysuru,Karnataka,Corporate
C1116,Aditya Rao,Nagpur,Maharashtra,Corporate
C1117,Meera Gupta,Howrah,West Bengal,Corporate
C1118,Aarav Singh,Pune,Maharashtra,Small Business
C1119,Vikram Kumar,Coimbatore,Tamil Nadu,Consumer
C1120,Vikram Iyer,Mumbai,Maharashtra,Consumer
C1121,Meera Kumar,Mangaluru,Karnataka,Small Business
C1122,Karan Gupta,Mysuru,Karnataka,Consumer
C1123,Aditya Reddy,Ahmedabad,Gujarat,Consumer
C1124,Rahul Gupta,Nagpur,Maharashtra,Consumer
C1125,Rohan Singh,Mumbai,Maharashtra,Corporate
C1126,Pooja Reddy,Pune,Maharashtra,Consumer
C1127,Arjun Verma,Mangaluru,Karnataka,Consumer
C1128,Karan Kumar,Surat,Gujarat,Consumer
C1129,Rohan Reddy,Vadodara,Gujarat,Small Business
C1130,Pooja Das,Thiruvananthapuram,Kerala,Consumer
C1131,Aditi Reddy,Mumbai,Maharashtra,Consumer
C1132,Karan Verma,Madurai,Tamil Nadu,Consumer
C1133,Rohan Bhat,Rohini,Delhi,Consumer
C1134,Ishita Kumar,Pune,Maharashtra,Consumer
C1135,Aditi Nair,Warangal,Telangana,Consumer
C1136,Ananya Reddy,Bengaluru,Karnataka,Consumer
C1137,Aditya Iyer,Warangal,Telangana,Corporate
C1138,Ananya Singh,Warangal,Telangana,Consumer
C1139,Vikram Patel,Bengaluru,Karnataka,Consumer
C1140,Vivaan Bhat,Mumbai,Maharashtra,Small Business
C1141,Sumanth Das,Thiruvananthapuram,Kerala,Consumer
C1142,Rahul Sharma,Bengaluru,Karnataka,Consumer
C1143,Karan Reddy,Madurai,Tamil Nadu,Corporate
C1144,Nisha Joshi,Chennai,Tamil Nadu,Consumer
C1145,Arjun Sharma,Pune,Maharashtra,Consumer
C1146,Rahul Nair,Mysuru,Karnataka,Consumer
C1147,Nisha Gupta,Bengaluru,Karnataka,Consumer
C1148,Diya Patel,Mumbai,Maharashtra,Consumer
C1149,Sneha Mehta,Hyderabad,Telangana,Consumer
C1150,Sumanth Mehta,Bengaluru,Karnataka,Corporate
C1151,Ishita Iyer,Thiruvananthapuram,Kerala,Consumer
C1152,Vikram Gupta,Surat,Gujarat,Consumer
C1153,Priya Joshi,New Delhi,Delhi,Consumer
C1154,Kavya Joshi,Bengaluru,Karnataka,Consumer
C1155,Sumanth Gupta,Vadodara,Gujarat,Consumer
C1156,Pooja Singh,Kozhikode,Kerala,Consumer
C1157,Rohan Verma,Mysuru,Karnataka,Corporate
C1158,Arjun Iyer,Thiruvananthapuram,Kerala,Consumer
C1159,Kavya Verma,Coimbatore,Tamil Nadu,Consumer
C1160,Aditya Rao,Kozhikode,Kerala,Corporate
C1161,Sneha Das,Kozhikode,Kerala,Consumer
C1162,Aditya Joshi,Hyderabad,Telangana,Consumer
C1163,Nisha Mehta,Rohini,Delhi,Consumer
C1164,Diya Rao,New Delhi,Delhi,Consumer
C1165,Sumanth Singh,Nizamabad,Telangana,Consumer
C1166,Nisha Singh,Warangal,Telangana,Consumer
C1167,Sneha Reddy,Bengaluru,Karnataka,Consumer
C1168,Rohan Gupta,Kochi,Kerala,Corporate
C1169,Arjun Singh,Nizamabad,Telangana,Corporate
C1170,Sumanth Kumar,Ahmedabad,Gujarat,Consumer
C1171,Ananya Kumar,Chennai,Tamil Nadu,Corporate
C1172,Sumanth Verma,Surat,Gujarat,Corporate
C1173,Karan Verma,Pune,Maharashtra,Consumer
C1174,Vivaan Das,Rohini,Delhi,Small Business
C1175,Karan Nair,Mumbai,Maharashtra,Corporate
C1176,Karan Das,Nagpur,Maharashtra,Consumer
C1177,Meera Bhat,Pune,Maharashtra,Consumer
C1178,Priya Joshi,Kochi,Kerala,Small Business
C1179,Aditi Nair,Coimbatore,Tamil Nadu,Consumer
C1180,Ananya Joshi,Mumbai,Maharashtra,Small Business
C1181,Diya Sharma,Durgapur,West Bengal,Consumer
C1182,Karan Sharma,Pune,Maharashtra,Consumer
C1183,Sneha Kumar,Vadodara,Gujarat,Consumer
C1184,Pooja Sharma,Nagpur,Maharashtra,Consumer
C1185,Rohan Sharma,Pune,Maharashtra,Corporate
C1186,Vivaan Rao,Chennai,Tamil Nadu,Consumer
C1187,Sumanth Singh,Mumbai,Maharashtra,Consumer
C1188,Sumanth Mehta,Warangal,Telangana,Consumer
C1189,Rahul Iyer,Chennai,Tamil Nadu,Consumer
C1190,Karan Rao,Surat,Gujarat,Corporate
C1191,Aarav Bhat,Mangaluru,Karnataka,Consumer
C1192,Meera Bhat,Coimbatore,Tamil Nadu,Corporate
C1193,Rohan Iyer,Kochi,Kerala,Consumer
C1194,Ananya Bhat,Rohini,Delhi,Corporate
C1195,Sneha Das,Ahmedabad,Gujarat,Corporate
C1196,Sai Mehta,Mumbai,Maharashtra,Corporate
C1197,Aditya Kumar,Nizamabad,Telangana,Consumer
C1198,Sumanth Das,Hyderabad,Telangana,Consumer
C1199,Rohan Bhat,Vadodara,Gujarat,Consumer
C1200,Ishita Kumar,Surat,Gujarat,Consumer
C1201,Kavya Joshi,Bengaluru,Karnataka,Corporate
C1202,Nisha Das,Kolkata,West Bengal,Consumer
C1203,Sumanth Das,Warangal,Telangana,Corporate
C1204,Vivaan Singh,Chennai,Tamil Nadu,Consumer
C1205,Arjun Reddy,Mumbai,Maharashtra,Consumer
C1206,Rohan Iyer,Kozhikode,Kerala,Consumer
C1207,Karan Singh,Nizamabad,Telangana,Consumer
C1208,Sneha Nair,Ahmedabad,Gujarat,Consumer
C1209,Rohan Das,Pune,Maharashtra,Consumer
C1210,Vikram Das,Durgapur,West Bengal,Consumer
C1211,Vikram Joshi,Mysuru,Karnataka,Consumer
C1212,Diya Das,Rohini,Delhi,Corporate
C1213,Priya Gupta,Pune,Maharashtra,Consumer
C1214,Karan Sharma,Vadodara,Gujarat,Consumer
C1215,Karan Patel,Kolkata,West Bengal,Consumer
C1216,Aarav Joshi,Mumbai,Maharashtra,Consumer
C1217,Sai Gupta,Warangal,Telangana,Consumer
C1218,Sneha Mehta,Kozhikode,Kerala,Consumer
C1219,Ishita Iyer,Durgapur,West Bengal,Consumer
C1220,Ananya Joshi,Howrah,West Bengal,Corporate
C1221,Sai Reddy,Thiruvananthapuram,Kerala,Small Business
C1222,Meera Sharma,Mangaluru,Karnataka,Consumer
C1223,Rohan Nair,Vadodara,Gujarat,Consumer
C1224,Aditya Nair,Madurai,Tamil Nadu,Consumer
C1225,Arjun Mehta,Vadodara,Gujarat,Consumer
C1226,Nisha Nair,Kozhikode,Kerala,Consumer
C1227,Vivaan Das,Hyderabad,Telangana,Corporate
C1228,Rahul Singh,Coimbatore,Tamil Nadu,Consumer
C1229,Ishita Joshi,Mumbai,Maharashtra,Corporate
C1230,Karan Verma,Thiruvananthapuram,Kerala,Consumer
C1231,Ananya Kumar,Warangal,Telangana,Small Business
C1232,Aarav Gupta,Dwarka,Delhi,Corporate
C1233,Kavya Patel,Mangaluru,Karnataka,Corporate
C1234,Kavya Joshi,Kochi,Kerala,Small Business
C1235,Kavya Mehta,Coimbatore,Tamil Nadu,Corporate
C1236,Kavya Kumar,Warangal,Telangana,Consumer
C1237,Sneha Rao,Hyderabad,Telangana,Small Business
C1238,Diya Bhat,Nizamabad,Telangana,Consumer
C1239,Kavya Iyer,Mumbai,Maharashtra,Consumer
C1240,Pooja Gupta,Hyderabad,Telangana,Corporate
C1241,Aditya Iyer,Hyderabad,Telangana,Consumer
C1242,Karan Bhat,Howrah,West Bengal,Corporate
C1243,Priya Singh,Vadodara,Gujarat,Consumer
C1244,Ishita Iyer,Nizamabad,Telangana,Consumer
C1245,Ishita Mehta,Ahmedabad,Gujarat,Consumer
C1246,Diya Das,Nagpur,Maharashtra,Consumer
C1247,Ishita Mehta,Nagpur,Maharashtra,Corporate
C1248,Vikram Singh,Nizamabad,Telangana,Consumer
C1249,Sumanth Sharma,Nizamabad,Telangana,Consumer
C1250,Vivaan Kumar,Mumbai,Maharashtra,Consumer
C1251,Sneha Das,Mysuru,Karnataka,Small Business
C1252,Aditi Gupta,Hyderabad,Telangana,Consumer
C1253,Sai Reddy,Bengaluru,Karnataka,Small Business
C1254,Priya Kumar,Mangaluru,Karnataka,Corporate
C1255,Rahul Reddy,Pune,Maharashtra,Consumer
C1256,Aarav Rao,Rohini,Delhi,Consumer
C1257,Pooja Verma,Mysuru,Karnataka,Corporate
C1258,Pooja Das,Kolkata,West Bengal,Consumer
C1259,Sai Mehta,Mangaluru,Karnataka,Small Business
C1260,Vikram Mehta,Coimbatore,Tamil Nadu,Consumer
C1261,Vivaan Iyer,Coimbatore,Tamil Nadu,Consumer
C1262,Nisha Das,Mangaluru,Karnataka,Consumer
C1263,Aarav Iyer,Hyderabad,Telangana,Consumer
C1264,Priya Nair,Mysuru,Karnataka,Consumer
C1265,Vikram Gupta,Mumbai,Maharashtra,Consumer
C1266,Rohan Sharma,Bengaluru,Karnataka,Consumer
C1267,Kavya Reddy,Vadodara,Gujarat,Consumer
C1268,Kavya Joshi,Pune,Maharashtra,Consumer
C1269,Karan Singh,Mysuru,Karnataka,Consumer
C1270,Ishita Mehta,Ahmedabad,Gujarat,Consumer
C1271,Vikram Singh,Madurai,Tamil Nadu,Consumer
C1272,Aditya Joshi,Warangal,Telangana,Small Business
C1273,Ishita Verma,Rohini,Delhi,Consumer
C1274,Ishita Nair,Warangal,Telangana,Consumer
C1275,Sumanth Iyer,Vadodara,Gujarat,Consumer
C1276,Ishita Kumar,Thiruvananthapuram,Kerala,Consumer
C1277,Ishita Bhat,Mysuru,Karnataka,Consumer
C1278,Nisha Patel,Vadodara,Gujarat,Corporate
C1279,Sai Reddy,Nizamabad,Telangana,Consumer
C1280,Diya Joshi,Mysuru,Karnataka,Small Business
C1281,Diya Mehta,Madurai,Tamil Nadu,Consumer
C1282,Diya Patel,Vadodara,Gujarat,Corporate
C1283,Rohan Das,Nizamabad,Telangana,Consumer
C1284,Rahul Bhat,Surat,Gujarat,Consumer
C1285,Vikram Bhat,Bengaluru,Karnataka,Consumer
C1286,Vivaan Das,Surat,Gujarat,Consumer
C1287,Diya Joshi,Madurai,Tamil Nadu,Consumer
C1288,Pooja Rao,Coimbatore,Tamil Nadu,Consumer
C1289,Karan Das,Kolkata,West Bengal,Consumer
C1290,Aditi Reddy,Surat,Gujarat,Consumer
C1291,Sumanth Mehta,Mysuru,Karnataka,Corporate
C1292,Sneha Reddy,Bengaluru,Karnataka,Consumer
C1293,Meera Rao,Durgapur,West Bengal,Consumer
C1294,Aditi Iyer,Durgapur,West Bengal,Consumer
C1295,Pooja Nair,Nagpur,Maharashtra,Corporate
C1296,Priya Gupta,Mumbai,Maharashtra,Consumer
C1297,Meera Iyer,Dwarka,Delhi,Consumer
C1298,Arjun Sharma,Hyderabad,Telangana,Small Business
C1299,Vikram Gupta,Mumbai,Maharashtra,Small Business
C1300,Aditya Das,Bengaluru,Karnataka,Consumer
C1301,Ishita Patel,Warangal,Telangana,Corporate
C1302,Arjun Das,Bengaluru,Karnataka,Corporate
C1303,Aarav Rao,Howrah,West Bengal,Small Business
C1304,Aarav Patel,Mangaluru,Karnataka,Corporate
C1305,Ishita Bhat,Mysuru,Karnataka,Consumer
C1306,Nisha Nair,Nagpur,Maharashtra,Consumer
C1307,Arjun Iyer,Vadodara,Gujarat,Corporate
C1308,Karan Joshi,Mysuru,Karnataka,Consumer
C1309,Vivaan Iyer,Pune,Maharashtra,Corporate
C1310,Sneha Bhat,Vadodara,Gujarat,Corporate
C1311,Priya Rao,Kolkata,West Bengal,Corporate
C1312,Meera Patel,Vadodara,Gujarat,Consumer
C1313,Rahul Rao,Kolkata,West Bengal,Small Business
C1314,Rahul Kumar,Chennai,Tamil Nadu,Consumer
C1315,Diya Verma,Coimbatore,Tamil Nadu,Small Business
C1316,Vikram Iyer,Rohini,Delhi,Consumer
C1317,Rahul Das,Vadodara,Gujarat,Small Business
C1318,Sumanth Verma,Ahmedabad,Gujarat,Corporate
C1319,Karan Gupta,Nagpur,Maharashtra,Consumer
C1320,Ananya Singh,Mumbai,Maharashtra,Consumer
C1321,Nisha Das,Mysuru,Karnataka,Small Business
C1322,Diya Nair,Warangal,Telangana,Corporate
C1323,Arjun Kumar,Coimbatore,Tamil Nadu,Consumer
C1324,Diya Verma,Chennai,Tamil Nadu,Consumer
C1325,Vivaan Joshi,Rohini,Delhi,Corporate
C1326,Aditi Patel,Mysuru,Karnataka,Consumer
C1327,Sai Singh,Hyderabad,Telangana,Consumer
C1328,Ishita Mehta,Kochi,Kerala,Consumer
C1329,Sai Kumar,Mangaluru,Karnataka,Corporate
C1330,Ishita Reddy,Nizamabad,Telangana,Consumer
C1331,Meera Reddy,Surat,Gujarat,Consumer
C1332,Rohan Iyer,Hyderabad,Telangana,Small Business
C1333,Vivaan Singh,Chennai,Tamil Nadu,Consumer
C1334,Nisha Verma,Howrah,West Bengal,Small Business
C1335,Arjun Singh,Mangaluru,Karnataka,Consumer
C1336,Aarav Iyer,Bengaluru,Karnataka,Consumer
C1337,Aditya Iyer,Warangal,Telangana,Small Business
C1338,Nisha Sharma,Kochi,Kerala,Corporate
C1339,Aditi Verma,Durgapur,West Bengal,Consumer
C1340,Sumanth Joshi,Coimbatore,Tamil Nadu,Corporate
C1341,Rahul Rao,Nagpur,Maharashtra,Small Business
C1342,Vikram Iyer,Madurai,Tamil Nadu,Consumer
C1343,Priya Mehta,Mumbai,Maharashtra,Small Business
C1344,Pooja Verma,Madurai,Tamil Nadu,Consumer
C1345,Rohan Joshi,Nizamabad,Telangana,Consumer
C1346,Vivaan Verma,Bengaluru,Karnataka,Corporate
C1347,Diya Singh,Bengaluru,Karnataka,Consumer
C1348,Meera Verma,Mangaluru,Karnataka,Consumer
C1349,Aditya Rao,Pune,Maharashtra,Consumer
C1350,Aditi Nair,Mysuru,Karnataka,Consumer
C1351,Kavya Patel,Madurai,Tamil Nadu,Corporate
C1352,Arjun Verma,Chennai,Tamil Nadu,Small Business
C1353,Rahul Mehta,Coimbatore,Tamil Nadu,Corporate
C1354,Arjun Sharma,Rohini,Delhi,Consumer
C1355,Rahul Sharma,Dwarka,Delhi,Corporate
C1356,Ananya Reddy,Bengaluru,Karnataka,Consumer
C1357,Diya Rao,Coimbatore,Tamil Nadu,Consumer
C1358,Rahul Gupta,Mangaluru,Karnataka,Consumer
C1359,Nisha Kumar,Nagpur,Maharashtra,Consumer
C1360,Sumanth Sharma,Thiruvananthapuram,Kerala,Small Business
C1361,Priya Singh,Nagpur,Maharashtra,Consumer
C1362,Ishita Patel,Madurai,Tamil Nadu,Corporate
C1363,Rahul Gupta,Nagpur,Maharashtra,Corporate
C1364,Diya Sharma,Madurai,Tamil Nadu,Consumer
C1365,Vivaan Singh,Nizamabad,Telangana,Consumer
C1366,Pooja Iyer,Mysuru,Karnataka,Consumer
C1367,Nisha Patel,Kozhikode,Kerala,Small Business
C1368,Arjun Verma,Surat,Gujarat,Corporate
C1369,Ishita Singh,Hyderabad,Telangana,Consumer
C1370,Nisha Bhat,Mysuru,Karnataka,Consumer
C1371,Arjun Singh,Mangaluru,Karnataka,Corporate
C1372,Ananya Singh,Howrah,West Bengal,Consumer
C1373,Sai Singh,Hyderabad,Telangana,Corporate
C1374,Sneha Nair,Madurai,Tamil Nadu,Consumer
C1375,Priya Kumar,Mumbai,Maharashtra,Consumer
C1376,Ishita Rao,Kozhikode,Kerala,Consumer
C1377,Priya Bhat,Mangaluru,Karnataka,Consumer
C1378,Sumanth Patel,Dwarka,Delhi,Corporate
C1379,Sumanth Verma,Rohini,Delhi,Consumer
C1380,Kavya Joshi,Coimbatore,Tamil Nadu,Small Business
C1381,Rohan Sharma,Mumbai,Maharashtra,Corporate
C1382,Ishita Joshi,Madurai,Tamil Nadu,Consumer
C1383,Aditya Joshi,Nizamabad,Telangana,Small Business
C1384,Diya Patel,Chennai,Tamil Nadu,Consumer
C1385,Karan Nair,Chennai,Tamil Nadu,Corporate
C1386,Sneha Das,Hyderabad,Telangana,Consumer
C1387,Kavya Verma,Kolkata,West Bengal,Consumer
C1388,Priya Singh,Kochi,Kerala,Corporate
C1389,Rohan Joshi,Warangal,Telangana,Small Business
C1390,Nisha Das,Mysuru,Karnataka,Corporate
C1391,Rohan Rao,Warangal,Telangana,Consumer
C1392,Karan Singh,New Delhi,Delhi,Consumer
C1393,Ananya Iyer,New Delhi,Delhi,Consumer
C1394,Ananya Iyer,Mysuru,Karnataka,Consumer
C1395,Aditya Mehta,Coimbatore,Tamil Nadu,Corporate
C1396,Sneha Mehta,Coimbatore,Tamil Nadu,Corporate
C1397,Ishita Joshi,Hyderabad,Telangana,Small Business
C1398,Aditi Patel,Mysuru,Karnataka,Consumer
C1399,Ishita Kumar,Mangaluru,Karnataka,Consumer
C1400,Diya Mehta,Pune,Maharashtra,Corporate
C1401,Rohan Mehta,Pune,Maharashtra,Small Business
C1402,Aditi Nair,New Delhi,Delhi,Small Business
C1403,Ishita Singh,Hyderabad,Telangana,Consumer
C1404,Aarav Rao,Mumbai,Maharashtra,Small Business
C1405,Kavya Rao,Chennai,Tamil Nadu,Corporate
C1406,Aditya Rao,Kozhikode,Kerala,Consumer
C1407,Rohan Nair,Mangaluru,Karnataka,Consumer
C1408,Kavya Patel,Madurai,Tamil Nadu,Consumer
C1409,Rohan Gupta,Dwarka,Delhi,Corporate
C1410,Rohan Patel,Durgapur,West Bengal,Corporate
C1411,Vikram Mehta,Nizamabad,Telangana,Corporate
C1412,Vikram Mehta,Mangaluru,Karnataka,Consumer
C1413,Aditi Bhat,Pune,Maharashtra,Corporate
C1414,Sai Das,Pune,Maharashtra,Corporate
C1415,Rahul Patel,Dwarka,Delhi,Consumer
C1416,Diya Patel,Kozhikode,Kerala,Consumer
C1417,Rahul Reddy,Surat,Gujarat,Corporate
C1418,Sneha Kumar,Warangal,Telangana,Consumer
C1419,Rahul Verma,Bengaluru,Karnataka,Consumer
C1420,Ananya Sharma,Bengaluru,Karnataka,Corporate
C1421,Vivaan Kumar,Rohini,Delhi,Small Business
C1422,Sumanth Rao,Mumbai,Maharashtra,Consumer
C1423,Kavya Verma,Mangaluru,Karnataka,Small Business
C1424,Ishita Verma,Mangaluru,Karnataka,Consumer
C1425,Karan Nair,Bengaluru,Karnataka,Consumer
C1426,Rohan Reddy,Surat,Gujarat,Consumer
C1427,Sneha Singh,Ahmedabad,Gujarat,Consumer
C1428,Nisha Kumar,Mysuru,Karnataka,Consumer
C1429,Diya Verma,Coimbatore,Tamil Nadu,Corporate
C1430,Diya Kumar,Kolkata,West Bengal,Consumer
C1431,Pooja Iyer,Coimbatore,Tamil Nadu,Corporate
C1432,Rahul Patel,Coimbatore,Tamil Nadu,Consumer
C1433,Sneha Das,Mangaluru,Karnataka,Consumer
C1434,Pooja Singh,Mumbai,Maharashtra,Corporate
C1435,Nisha Rao,Coimbatore,Tamil Nadu,Small Business
C1436,Karan Nair,Rohini,Delhi,Corporate
C1437,Karan Das,Coimbatore,Tamil Nadu,Consumer
C1438,Meera Joshi,Warangal,Telangana,Consumer
C1439,Diya Patel,Mumbai,Maharashtra,Small Business
C1440,Ananya Mehta,Bengaluru,Karnataka,Corporate
C1441,Arjun Kumar,Bengaluru,Karnataka,Consumer
C1442,Arjun Bhat,Bengaluru,Karnataka,Consumer
C1443,Arjun Nair,Vadodara,Gujarat,Consumer
C1444,Sai Gupta,Madurai,Tamil Nadu,Consumer
C1445,Rohan Sharma,Howrah,West Bengal,Consumer
C1446,Priya Sharma,Dwarka,Delhi,Consumer
C1447,Karan Singh,Mangaluru,Karnataka,Small Business
C1448,Aditi Nair,Mumbai,Maharashtra,Consumer
C1449,Priya Rao,Bengaluru,Karnataka,Consumer
C1450,Nisha Gupta,Chennai,Tamil Nadu,Small Business
C1451,Sai Singh,Mysuru,Karnataka,Consumer
C1452,Kavya Kumar,New Delhi,Delhi,Consumer
C1453,Vivaan Mehta,Coimbatore,Tamil Nadu,Consumer
C1454,Aditi Rao,Durgapur,West Bengal,Small Business
C1455,Sumanth Sharma,Mangaluru,Karnataka,Consumer
C1456,Aditya Bhat,Madurai,Tamil Nadu,Consumer
C1457,Diya Nair,Rohini,Delhi,Small Business
C1458,Kavya Verma,Nagpur,Maharashtra,Consumer
C1459,Kavya Patel,Rohini,Delhi,Consumer
C1460,Ananya Gupta,Mysuru,Karnataka,Corporate
C1461,Diya Das,Mysuru,Karnataka,Small Business
C1462,Aarav Mehta,Nizamabad,Telangana,Corporate
C1463,Vivaan Rao,Durgapur,West Bengal,Corporate
C1464,Aditya Singh,Mysuru,Karnataka,Consumer
C1465,Aarav Iyer,Pune,Maharashtra,Consumer
C1466,Priya Bhat,Surat,Gujarat,Consumer
C1467,Rahul Verma,Mysuru,Karnataka,Small Business
C1468,Priya Sharma,Pune,Maharashtra,Consumer
C1469,Kavya Iyer,Mysuru,Karnataka,Consumer
C1470,Sneha Bhat,Mysuru,Karnataka,Consumer
C1471,Meera Das,Ahmedabad,Gujarat,Small Business
C1472,Vivaan Iyer,Mysuru,Karnataka,Consumer
C1473,Rahul Reddy,Pune,Maharashtra,Consumer
C1474,Priya Nair,Chennai,Tamil Nadu,Consumer
C1475,Aditi Singh,Mangaluru,Karnataka,Consumer
C1476,Diya Iyer,Madurai,Tamil Nadu,Corporate
C1477,Sneha Patel,Chennai,Tamil Nadu,Consumer
C1478,Kavya Nair,New Delhi,Delhi,Corporate
C1479,Arjun Mehta,Nizamabad,Telangana,Consumer
C1480,Aarav Gupta,Hyderabad,Telangana,Consumer
C1481,Vikram Nair,Dwarka,Delhi,Corporate
C1482,Aditya Mehta,Hyderabad,Telangana,Consumer
C1483,Meera Verma,Pune,Maharashtra,Corporate
C1484,Sneha Reddy,Dwarka,Delhi,Corporate
C1485,Aditi Iyer,Ahmedabad,Gujarat,Consumer
C1486,Rahul Gupta,Howrah,West Bengal,Consumer
C1487,Arjun Verma,Mangaluru,Karnataka,Consumer
C1488,Aditi Sharma,Warangal,Telangana,Small Business
C1489,Vivaan Mehta,Nizamabad,Telangana,Consumer
C1490,Pooja Mehta,Thiruvananthapuram,Kerala,Consumer
C1491,Vikram Nair,Chennai,Tamil Nadu,Consumer
C1492,Sai Reddy,Hyderabad,Telangana,Consumer
C1493,Aditya Singh,Warangal,Telangana,Consumer
C1494,Vivaan Sharma,Warangal,Telangana,Consumer
C1495,Kavya Sharma,Mangaluru,Karnataka,Consumer
C1496,Pooja Iyer,Madurai,Tamil Nadu,Corporate
C1497,Aditya Iyer,Mysuru,Karnataka,Consumer
C1498,Aditi Verma,Warangal,Telangana,Consumer
C1499,Sai Mehta,Mangaluru,Karnataka,Consumer
C1500,Priya Reddy,Mysuru,Karnataka,Corporate
C1501,Vivaan Rao,Pune,Maharashtra,Corporate
C1502,Ananya Mehta,Kolkata,West Bengal,Corporate
C1503,Sumanth Gupta,Madurai,Tamil Nadu,Corporate
C1504,Sumanth Kumar,Mumbai,Maharashtra,Small Business
C1505,Aarav Das,Chennai,Tamil Nadu,Small Business
C1506,Aditya Singh,Ahmedabad,Gujarat,Small Business
C1507,Kavya Joshi,Surat,Gujarat,Consumer
C1508,Nisha Nair,Durgapur,West Bengal,Corporate
C1509,Sneha Das,Mysuru,Karnataka,Consumer
C1510,Arjun Rao,Kozhikode,Kerala,Consumer
C1511,Pooja Nair,Hyderabad,Telangana,Consumer
C1512,Sneha Verma,Dwarka,Delhi,Consumer
C1513,Ishita Bhat,Surat,Gujarat,Consumer
C1514,Diya Patel,Kozhikode,Kerala,Consumer
C1515,Ananya Reddy,Nizamabad,Telangana,Corporate
C1516,Arjun Sharma,Coimbatore,Tamil Nadu,Corporate
C1517,Rohan Bhat,Thiruvananthapuram,Kerala,Consumer
C1518,Aditi Patel,Chennai,Tamil Nadu,Consumer
C1519,Karan Reddy,Rohini,Delhi,Consumer
C1520,Aarav Rao,Surat,Gujarat,Consumer
C1521,Diya Joshi,Nizamabad,Telangana,Consumer
C1522,Priya Kumar,Nizamabad,Telangana,Corporate
C1523,Sumanth Kumar,Kozhikode,Kerala,Corporate
C1524,Rohan Patel,Howrah,West Bengal,Consumer
C1525,Pooja Verma,Chennai,Tamil Nadu,Corporate
C1526,Rahul Patel,Vadodara,Gujarat,Consumer
C1527,Meera Iyer,Warangal,Telangana,Consumer
C1528,Ishita Das,Warangal,Telangana,Corporate
C1529,Rahul Singh,Rohini,Delhi,Corporate
C1530,Diya Iyer,Rohini,Delhi,Small Business
C1531,Ananya Verma,Thiruvananthapuram,Kerala,Consumer
C1532,Sumanth Iyer,Howrah,West Bengal,Consumer
C1533,Nisha Singh,Nizamabad,Telangana,Small Business
C1534,Vikram Das,Madurai,Tamil Nadu,Corporate
C1535,Aditya Singh,Mysuru,Karnataka,Consumer
C1536,Vivaan Iyer,Nagpur,Maharashtra,Corporate
C1537,Sneha Kumar,Mangaluru,Karnataka,Corporate
C1538,Kavya Iyer,Bengaluru,Karnataka,Corporate
C1539,Rahul Sharma,Bengaluru,Karnataka,Consumer
C1540,Sumanth Singh,Mangaluru,Karnataka,Small Business
C1541,Vikram Joshi,Pune,Maharashtra,Consumer
C1542,Diya Rao,Madurai,Tamil Nadu,Consumer
C1543,Ishita Reddy,Coimbatore,Tamil Nadu,Corporate
C1544,Diya Rao,Bengaluru,Karnataka,Consumer
C1545,Sneha Gupta,Pune,Maharashtra,Consumer
C1546,Priya Joshi,Mysuru,Karnataka,Consumer
C1547,Karan Nair,Durgapur,West Bengal,Corporate
C1548,Karan Sharma,Mumbai,Maharashtra,Small Business
C1549,Vikram Bhat,Hyderabad,Telangana,Consumer
C1550,Aarav Sharma,Howrah,West Bengal,Small Business
C1551,Aditi Verma,Rohini,Delhi,Small Business
C1552,Aarav Rao,Rohini,Delhi,Consumer
C1553,Sumanth Rao,New Delhi,Delhi,Consumer
C1554,Sai Kumar,Vadodara,Gujarat,Small Business
C1555,Aditya Rao,Hyderabad,Telangana,Corporate
C1556,Rohan Bhat,Durgapur,West Bengal,Consumer
C1557,Vikram Das,Surat,Gujarat,Consumer
C1558,Aarav Nair,Warangal,Telangana,Corporate
C1559,Nisha Nair,Mangaluru,Karnataka,Consumer
C1560,Sumanth Kumar,Dwarka,Delhi,Consumer
C1561,Aditya Sharma,Dwarka,Delhi,Corporate
C1562,Karan Joshi,Hyderabad,Telangana,Corporate
C1563,Priya Iyer,Nizamabad,Telangana,Corporate
C1564,Diya Bhat,Hyderabad,Telangana,Consumer
C1565,Aditya Mehta,New Delhi,Delhi,Consumer
C1566,Ishita Bhat,Mumbai,Maharashtra,Consumer
C1567,Vikram Bhat,Warangal,Telangana,Small Business
C1568,Pooja Mehta,Surat,Gujarat,Consumer
C1569,Sneha Gupta,Coimbatore,Tamil Nadu,Corporate
C1570,Kavya Verma,Bengaluru,Karnataka,Small Business
C1571,Aditi Verma,Mangaluru,Karnataka,Consumer
C1572,Kavya Kumar,Bengaluru,Karnataka,Consumer
C1573,Diya Verma,Warangal,Telangana,Consumer
C1574,Sai Rao,Mangaluru,Karnataka,Corporate
C1575,Aditya Iyer,Pune,Maharashtra,Consumer
C1576,Vikram Reddy,Coimbatore,Tamil Nadu,Small Business
C1577,Arjun Singh,Mysuru,Karnataka,Consumer
C1578,Rohan Patel,Chennai,Tamil Nadu,Consumer
C1579,Rohan Joshi,New Delhi,Delhi,Consumer
C1580,Aditya Bhat,Mangaluru,Karnataka,Corporate
C1581,Kavya Joshi,Coimbatore,Tamil Nadu,Consumer
C1582,Vikram Das,Surat,Gujarat,Consumer
C1583,Vikram Das,Dwarka,Delhi,Small Business
C1584,Aarav Nair,Mumbai,Maharashtra,Consumer
C1585,Rohan Sharma,Pune,Maharashtra,Corporate
C1586,Aditya Singh,Rohini,Delhi,Consumer
C1587,Vikram Nair,Hyderabad,Telangana,Corporate
C1588,Meera Verma,Ahmedabad,Gujarat,Consumer
C1589,Aditya Patel,New Delhi,Delhi,Consumer
C1590,Rohan Kumar,Nizamabad,Telangana,Small Business
C1591,Ishita Mehta,Mysuru,Karnataka,Consumer
C1592,Vivaan Kumar,Ahmedabad,Gujarat,Consumer
C1593,Meera Joshi,Pune,Maharashtra,Consumer
C1594,Ananya Iyer,Kochi,Kerala,Small Business
C1595,Ishita Gupta,Howrah,West Bengal,Consumer
C1596,Sneha Das,Dwarka,Delhi,Small Business
C1597,Rohan Nair,Mumbai,Maharashtra,Corporate
C1598,Diya Joshi,Coimbatore,Tamil Nadu,Consumer
C1599,Ananya Patel,Nizamabad,Telangana,Small Business
C1600,Arjun Nair,Coimbatore,Tamil Nadu,Consumer
C1601,Vivaan Verma,Pune,Maharashtra,Small Business
C1602,Sumanth Gupta,Nagpur,Maharashtra,Consumer
C1603,Sumanth Verma,Pune,Maharashtra,Consumer
C1604,Pooja Verma,Rohini,Delhi,Corporate
C1605,Rahul Kumar,Rohini,Delhi,Corporate
C1606,Aditi Sharma,Dwarka,Delhi,Consumer
C1607,Diya Kumar,Mysuru,Karnataka,Consumer
C1608,Karan Das,Dwarka,Delhi,Corporate
C1609,Karan Patel,Warangal,Telangana,Consumer
C1610,Arjun Sharma,Coimbatore,Tamil Nadu,Consumer
C1611,Rohan Reddy,Dwarka,Delhi,Consumer
C1612,Arjun Rao,Nagpur,Maharashtra,Corporate
C1613,Vikram Patel,Kolkata,West Bengal,Consumer
C1614,Kavya Reddy,Pune,Maharashtra,Consumer
C1615,Meera Reddy,Mangaluru,Karnataka,Consumer
C1616,Vikram Verma,Coimbatore,Tamil Nadu,Consumer
C1617,Pooja Kumar,Vadodara,Gujarat,Corporate
C1618,Priya Sharma,Chennai,Tamil Nadu,Consumer
C1619,Rahul Bhat,Hyderabad,Telangana,Consumer
C1620,Vikram Iyer,Vadodara,Gujarat,Corporate
C1621,Meera Iyer,Dwarka,Delhi,Consumer
C1622,Diya Mehta,Pune,Maharashtra,Consumer
C1623,Pooja Rao,Mumbai,Maharashtra,Small Business
C1624,Meera Kumar,Coimbatore,Tamil Nadu,Consumer
C1625,Aarav Das,Madurai,Tamil Nadu,Consumer
C1626,Aditya Mehta,Kolkata,West Bengal,Consumer
C1627,Priya Gupta,Hyderabad,Telangana,Corporate
C1628,Arjun Reddy,Mangaluru,Karnataka,Small Business
C1629,Vivaan Verma,Surat,Gujarat,Consumer
C1630,Aditi Das,Nizamabad,Telangana,Consumer
C1631,Nisha Singh,Madurai,Tamil Nadu,Consumer
C1632,Priya Das,Rohini,Delhi,Consumer
C1633,Ishita Nair,Kozhikode,Kerala,Consumer
C1634,Rahul Bhat,Ahmedabad,Gujarat,Consumer
C1635,Pooja Verma,Nizamabad,Telangana,Consumer
C1636,Aditi Joshi,Ahmedabad,Gujarat,Small Business
C1637,Karan Rao,Rohini,Delhi,Consumer
C1638,Ananya Mehta,Mangaluru,Karnataka,Corporate
C1639,Arjun Singh,Vadodara,Gujarat,Corporate
C1640,Vivaan Mehta,Rohini,Delhi,Consumer
C1641,Diya Mehta,New Delhi,Delhi,Small Business
C1642,Priya Sharma,Rohini,Delhi,Consumer
C1643,Aditi Sharma,Thiruvananthapuram,Kerala,Consumer
C1644,Rohan Das,Madurai,Tamil Nadu,Corporate
C1645,Diya Patel,Hyderabad,Telangana,Consumer
C1646,Aarav Sharma,Bengaluru,Karnataka,Consumer
C1647,Sneha Verma,Surat,Gujarat,Consumer
C1648,Nisha Rao,Madurai,Tamil Nadu,Corporate
C1649,Sneha Joshi,Madurai,Tamil Nadu,Small Business
C1650,Aditi Gupta,Mangaluru,Karnataka,Consumer
C1651,Sneha Iyer,Nizamabad,Telangana,Corporate
C1652,Vikram Bhat,Warangal,Telangana,Small Business
C1653,Meera Gupta,Mumbai,Maharashtra,Corporate
C1654,Aditi Joshi,Ahmedabad,Gujarat,Corporate
C1655,Kavya Reddy,Nagpur,Maharashtra,Consumer
C1656,Meera Das,Nizamabad,Telangana,Corporate
C1657,Nisha Gupta,Pune,Maharashtra,Consumer
C1658,Pooja Nair,Coimbatore,Tamil Nadu,Corporate
C1659,Priya Verma,Pune,Maharashtra,Corporate
C1660,Vikram Sharma,Vadodara,Gujarat,Corporate
C1661,Vivaan Iyer,Nagpur,Maharashtra,Corporate
C1662,Diya Joshi,Nagpur,Maharashtra,Consumer
C1663,Vikram Verma,Mysuru,Karnataka,Corporate
C1664,Sai Das,Surat,Gujarat,Consumer
C1665,Arjun Singh,Coimbatore,Tamil Nadu,Consumer
C1666,Priya Joshi,Nagpur,Maharashtra,Corporate
C1667,Karan Verma,Mangaluru,Karnataka,Consumer
C1668,Nisha Mehta,Warangal,Telangana,Consumer
C1669,Arjun Patel,Mumbai,Maharashtra,Consumer
C1670,Diya Gupta,Mysuru,Karnataka,Consumer
C1671,Nisha Mehta,Vadodara,Gujarat,Consumer
C1672,Ishita Bhat,Kolkata,West Bengal,Small Business
C1673,Rohan Rao,Nizamabad,Telangana,Corporate
C1674,Ishita Gupta,Mumbai,Maharashtra,Consumer
C1675,Diya Gupta,Mysuru,Karnataka,Corporate
C1676,Aditi Iyer,Kolkata,West Bengal,Consumer
C1677,Sneha Reddy,Surat,Gujarat,Consumer
C1678,Ananya Verma,New Delhi,Delhi,Consumer
C1679,Arjun Reddy,Hyderabad,Telangana,Corporate
C1680,Aarav Iyer,Mysuru,Karnataka,Consumer
C1681,Rahul Singh,Bengaluru,Karnataka,Small Business
C1682,Vikram Sharma,Nagpur,Maharashtra,Consumer
C1683,Kavya Bhat,Nizamabad,Telangana,Small Business
C1684,Karan Gupta,Mumbai,Maharashtra,Corporate
C1685,Pooja Verma,Nizamabad,Telangana,Corporate
C1686,Aditi Sharma,Mumbai,Maharashtra,Corporate
C1687,Aditya Das,Nizamabad,Telangana,Consumer
C1688,Ananya Nair,Vadodara,Gujarat,Corporate
C1689,Aditya Das,Mangaluru,Karnataka,Consumer
C1690,Ananya Patel,Nagpur,Maharashtra,Consumer
C1691,Pooja Mehta,Pune,Maharashtra,Small Business
C1692,Priya Singh,Mangaluru,Karnataka,Consumer
C1693,Karan Verma,Durgapur,West Bengal,Consumer
C1694,Sneha Joshi,Howrah,West Bengal,Small Business
C1695,Aditi Nair,Hyderabad,Telangana,Consumer
C1696,Vivaan Patel,Bengaluru,Karnataka,Consumer
C1697,Vikram Nair,Mysuru,Karnataka,Corporate
C1698,Diya Nair,Dwarka,Delhi,Consumer
C1699,Aarav Singh,Durgapur,West Bengal,Consumer
C1700,Priya Rao,New Delhi,Delhi,Corporate
C1701,Sai Gupta,Chennai,Tamil Nadu,Consumer
C1702,Rahul Nair,Coimbatore,Tamil Nadu,Consumer
C1703,Ishita Verma,Warangal,Telangana,Consumer
C1704,Aditi Singh,Hyderabad,Telangana,Consumer
C1705,Rahul Reddy,New Delhi,Delhi,Consumer
C1706,Diya Joshi,Rohini,Delhi,Consumer
C1707,Priya Singh,Nizamabad,Telangana,Small Business
C1708,Ishita Das,Mangaluru,Karnataka,Consumer
C1709,Ishita Mehta,Bengaluru,Karnataka,Consumer
C1710,Diya Verma,Surat,Gujarat,Corporate
C1711,Aarav Rao,Coimbatore,Tamil Nadu,Small Business
C1712,Diya Reddy,Pune,Maharashtra,Corporate
C1713,Nisha Bhat,Thiruvananthapuram,Kerala,Consumer
C1714,Nisha Joshi,Pune,Maharashtra,Small Business
C1715,Sai Reddy,Howrah,West Bengal,Consumer
C1716,Priya Sharma,Hyderabad,Telangana,Consumer
C1717,Meera Rao,Rohini,Delhi,Small Business
C1718,Aditi Iyer,Durgapur,West Bengal,Consumer
C1719,Aditya Das,Dwarka,Delhi,Consumer
C1720,Priya Das,Ahmedabad,Gujarat,Small Business
C1721,Meera Das,Thiruvananthapuram,Kerala,Small Business
C1722,Aditya Mehta,Ahmedabad,Gujarat,Consumer
C1723,Nisha Kumar,Warangal,Telangana,Consumer
C1724,Rohan Reddy,Chennai,Tamil Nadu,Consumer
C1725,Meera Singh,Thiruvananthapuram,Kerala,Consumer
C1726,Kavya Rao,Mangaluru,Karnataka,Consumer
C1727,Pooja Joshi,Nizamabad,Telangana,Consumer
C1728,Kavya Rao,Madurai,Tamil Nadu,Consumer
C1729,Priya Das,Mysuru,Karnataka,Consumer
C1730,Pooja Patel,Surat,Gujarat,Consumer
C1731,Aditya Iyer,Nizamabad,Telangana,Corporate
C1732,Sneha Nair,Surat,Gujarat,Consumer
C1733,Sumanth Joshi,Nizamabad,Telangana,Small Business
C1734,Pooja Patel,Mumbai,Maharashtra,Consumer
C1735,Nisha Reddy,Warangal,Telangana,Consumer
C1736,Aditya Joshi,Bengaluru,Karnataka,Consumer
C1737,Vikram Mehta,Dwarka,Delhi,Small Business
C1738,Arjun Sharma,Bengaluru,Karnataka,Consumer
C1739,Vivaan Iyer,Nizamabad,Telangana,Consumer
C1740,Meera Verma,Mangaluru,Karnataka,Corporate
C1741,Aditya Sharma,Hyderabad,Telangana,Corporate
C1742,Sneha Rao,Thiruvananthapuram,Kerala,Consumer
C1743,Diya Rao,Mumbai,Maharashtra,Consumer
C1744,Priya Joshi,Bengaluru,Karnataka,Corporate
C1745,Aditi Patel,Madurai,Tamil Nadu,Consumer
C1746,Nisha Nair,Madurai,Tamil Nadu,Consumer
C1747,Rohan Kumar,Coimbatore,Tamil Nadu,Consumer
C1748,Sai Rao,Durgapur,West Bengal,Consumer
C1749,Aarav Patel,Surat,Gujarat,Consumer
C1750,Arjun Verma,New Delhi,Delhi,Consumer
C1751,Rahul Bhat,Mysuru,Karnataka,Consumer
C1752,Aditya Verma,Hyderabad,Telangana,Corporate
C1753,Rohan Patel,Kolkata,West Bengal,Consumer
C1754,Ishita Kumar,Kochi,Kerala,Consumer
C1755,Arjun Das,Madurai,Tamil Nadu,Consumer
C1756,Rohan Nair,New Delhi,Delhi,Corporate
C1757,Karan Das,Durgapur,West Bengal,Corporate
C1758,Rohan Das,Durgapur,West Bengal,Consumer
C1759,Sumanth Kumar,Mangaluru,Karnataka,Consumer
C1760,Rohan Sharma,Hyderabad,Telangana,Small Business
C1761,Ananya Mehta,New Delhi,Delhi,Consumer
C1762,Kavya Iyer,Surat,Gujarat,Corporate
C1763,Karan Sharma,Nagpur,Maharashtra,Small Business
C1764,Ananya Rao,Madurai,Tamil Nadu,Consumer
C1765,Aditi Gupta,Chennai,Tamil Nadu,Consumer
C1766,Aditi Singh,Madurai,Tamil Nadu,Consumer
C1767,Kavya Nair,Pune,Maharashtra,Consumer
C1768,Aarav Das,Howrah,West Bengal,Consumer
C1769,Diya Sharma,Rohini,Delhi,Consumer
C1770,Priya Singh,Mangaluru,Karnataka,Consumer
C1771,Pooja Nair,Coimbatore,Tamil Nadu,Consumer
C1772,Vivaan Gupta,Kochi,Kerala,Consumer
C1773,Arjun Verma,Pune,Maharashtra,Corporate
C1774,Vivaan Verma,Chennai,Tamil Nadu,Consumer
C1775,Aarav Singh,Surat,Gujarat,Consumer
C1776,Nisha Patel,Nagpur,Maharashtra,Consumer
C1777,Ishita Rao,Pune,Maharashtra,Consumer
C1778,Nisha Patel,Chennai,Tamil Nadu,Consumer
C1779,Priya Iyer,Warangal,Telangana,Consumer
C1780,Rahul Singh,Bengaluru,Karnataka,Consumer
C1781,Sai Bhat,Vadodara,Gujarat,Consumer
C1782,Vivaan Reddy,Madurai,Tamil Nadu,Consumer
C1783,Kavya Singh,New Delhi,Delhi,Corporate
C1784,Sumanth Sharma,Mysuru,Karnataka,Corporate
C1785,Vivaan Patel,Mysuru,Karnataka,Small Business
C1786,Rahul Rao,Rohini,Delhi,Corporate
C1787,Sumanth Verma,Mysuru,Karnataka,Small Business
C1788,Aditi Iyer,Surat,Gujarat,Consumer
C1789,Rahul Reddy,Nagpur,Maharashtra,Consumer
C1790,Sai Iyer,Nizamabad,Telangana,Consumer
C1791,Vivaan Kumar,Ahmedabad,Gujarat,Consumer
C1792,Kavya Singh,Nizamabad,Telangana,Consumer
C1793,Aarav Sharma,Nagpur,Maharashtra,Corporate
C1794,Ishita Iyer,Bengaluru,Karnataka,Corporate
C1795,Pooja Iyer,Warangal,Telangana,Consumer
C1796,Aditi Joshi,Hyderabad,Telangana,Consumer
C1797,Aditi Patel,Mumbai,Maharashtra,Small Business
C1798,Nisha Mehta,Dwarka,Delhi,Small Business
C1799,Aditya Reddy,Thiruvananthapuram,Kerala,Corporate
C1800,Pooja Patel,Rohini,Delhi,Small Business
C1801,Sai Joshi,Mangaluru,Karnataka,Consumer
C1802,Kavya Reddy,Howrah,West Bengal,Corporate
C1803,Karan Sharma,Ahmedabad,Gujarat,Consumer
C1804,Aarav Bhat,Vadodara,Gujarat,Consumer
C1805,Priya Sharma,New Delhi,Delhi,Corporate
C1806,Diya Nair,Pune,Maharashtra,Consumer
C1807,Meera Patel,Madurai,Tamil Nadu,Consumer
C1808,Kavya Joshi,Bengaluru,Karnataka,Consumer
C1809,Rahul Singh,Chennai,Tamil Nadu,Small Business
C1810,Sai Singh,Pune,Maharashtra,Corporate
C1811,Sumanth Gupta,Chennai,Tamil Nadu,Consumer
C1812,Priya Mehta,Dwarka,Delhi,Small Business
C1813,Sai Rao,Surat,Gujarat,Corporate
C1814,Sumanth Das,Kochi,Kerala,Consumer
C1815,Pooja Nair,Rohini,Delhi,Corporate
C1816,Pooja Patel,Madurai,Tamil Nadu,Consumer
C1817,Nisha Reddy,Coimbatore,Tamil Nadu,Consumer
C1818,Aditya Nair,Coimbatore,Tamil Nadu,Consumer
C1819,Meera Mehta,Nizamabad,Telangana,Consumer
C1820,Vikram Gupta,Mysuru,Karnataka,Corporate
C1821,Vivaan Verma,Ahmedabad,Gujarat,Corporate
C1822,Diya Kumar,Mangaluru,Karnataka,Consumer
C1823,Rohan Joshi,Ahmedabad,Gujarat,Corporate
C1824,Vikram Iyer,Surat,Gujarat,Corporate
C1825,Meera Gupta,Bengaluru,Karnataka,Consumer
C1826,Vikram Kumar,Kochi,Kerala,Consumer
C1827,Karan Kumar,Rohini,Delhi,Corporate
C1828,Sai Joshi,Kolkata,West Bengal,Consumer
C1829,Kavya Mehta,Pune,Maharashtra,Consumer
C1830,Vivaan Gupta,Hyderabad,Telangana,Consumer
C1831,Aditi Reddy,Howrah,West Bengal,Corporate
C1832,Sumanth Sharma,Bengaluru,Karnataka,Corporate
C1833,Nisha Gupta,Coimbatore,Tamil Nadu,Consumer
C1834,Karan Kumar,Coimbatore,Tamil Nadu,Small Business
C1835,Karan Nair,New Delhi,Delhi,Corporate
C1836,Rohan Reddy,Howrah,West Bengal,Consumer
C1837,Vikram Reddy,Hyderabad,Telangana,Consumer
C1838,Ananya Singh,Coimbatore,Tamil Nadu,Consumer
C1839,Ananya Iyer,Surat,Gujarat,Consumer
C1840,Meera Joshi,Mysuru,Karnataka,Consumer
C1841,Nisha Nair,Nagpur,Maharashtra,Corporate
C1842,Aarav Kumar,Mangaluru,Karnataka,Corporate
C1843,Ishita Rao,Mumbai,Maharashtra,Consumer
C1844,Nisha Singh,Mangaluru,Karnataka,Consumer
C1845,Sneha Das,Rohini,Delhi,Corporate
C1846,Vivaan Iyer,Pune,Maharashtra,Consumer
C1847,Sneha Iyer,Kolkata,West Bengal,Consumer
C1848,Vikram Patel,Ahmedabad,Gujarat,Corporate
C1849,Meera Joshi,Kozhikode,Kerala,Corporate
C1850,Ishita Gupta,Thiruvananthapuram,Kerala,Consumer
C1851,Pooja Patel,Nizamabad,Telangana,Consumer
C1852,Ishita Das,Coimbatore,Tamil Nadu,Consumer
C1853,Sneha Sharma,Vadodara,Gujarat,Small Business
C1854,Aarav Iyer,Mangaluru,Karnataka,Consumer
C1855,Rohan Iyer,Thiruvananthapuram,Kerala,Corporate
C1856,Karan Joshi,Mysuru,Karnataka,Consumer
C1857,Sai Kumar,Chennai,Tamil Nadu,Consumer
C1858,Vivaan Verma,Surat,Gujarat,Consumer
C1859,Pooja Kumar,Vadodara,Gujarat,Small Business
C1860,Ishita Nair,Hyderabad,Telangana,Consumer
C1861,Aditya Das,Kolkata,West Bengal,Corporate
C1862,Aarav Singh,Hyderabad,Telangana,Corporate
C1863,Rahul Verma,Rohini,Delhi,Small Business
C1864,Vikram Sharma,Chennai,Tamil Nadu,Consumer
C1865,Aditi Kumar,Chennai,Tamil Nadu,Consumer
C1866,Rahul Reddy,Mumbai,Maharashtra,Consumer
C1867,Sneha Das,Kochi,Kerala,Consumer
C1868,Sai Reddy,Bengaluru,Karnataka,Consumer
C1869,Sneha Patel,Nagpur,Maharashtra,Consumer
C1870,Sneha Gupta,Kozhikode,Kerala,Consumer
C1871,Aarav Sharma,Vadodara,Gujarat,Corporate
C1872,Rohan Mehta,Mysuru,Karnataka,Consumer
C1873,Vivaan Joshi,Vadodara,Gujarat,Consumer
C1874,Ishita Kumar,Ahmedabad,Gujarat,Small Business
C1875,Sai Singh,Bengaluru,Karnataka,Consumer
C1876,Ananya Singh,Thiruvananthapuram,Kerala,Corporate
C1877,Priya Nair,Nagpur,Maharashtra,Small Business
C1878,Aarav Gupta,Dwarka,Delhi,Corporate
C1879,Sumanth Patel,Dwarka,Delhi,Consumer
C1880,Sumanth Bhat,Howrah,West Bengal,Small Business
C1881,Diya Nair,Vadodara,Gujarat,Consumer
C1882,Sneha Patel,Nagpur,Maharashtra,Consumer
C1883,Meera Verma,Kozhikode,Kerala,Consumer
C1884,Sumanth Singh,Dwarka,Delhi,Corporate
C1885,Karan Das,Kozhikode,Kerala,Consumer
C1886,Vivaan Rao,Hyderabad,Telangana,Consumer
C1887,Rohan Rao,Nizamabad,Telangana,Corporate
C1888,Diya Mehta,Hyderabad,Telangana,Consumer
C1889,Aarav Singh,Hyderabad,Telangana,Consumer
C1890,Arjun Reddy,Nagpur,Maharashtra,Small Business
C1891,Sumanth Kumar,Hyderabad,Telangana,Consumer
C1892,Ananya Joshi,Mangaluru,Karnataka,Consumer
C1893,Sumanth Nair,Hyderabad,Telangana,Small Business
C1894,Priya Nair,New Delhi,Delhi,Consumer
C1895,Ishita Nair,Dwarka,Delhi,Small Business
C1896,Rahul Joshi,Mumbai,Maharashtra,Consumer
C1897,Sneha Verma,Nizamabad,Telangana,Consumer
C1898,Sneha Joshi,Nizamabad,Telangana,Consumer
C1899,Diya Reddy,Madurai,Tamil Nadu,Consumer
C1900,Nisha Mehta,Hyderabad,Telangana,Consumer
C1901,Aditi Nair,Dwarka,Delhi,Consumer
C1902,Nisha Rao,Nagpur,Maharashtra,Consumer
C1903,Pooja Patel,Thiruvananthapuram,Kerala,Consumer
C1904,Karan Reddy,Surat,Gujarat,Corporate
C1905,Sneha Joshi,Mangaluru,Karnataka,Consumer
C1906,Meera Joshi,Mangaluru,Karnataka,Consumer
C1907,Priya Singh,Coimbatore,Tamil Nadu,Corporate
C1908,Karan Singh,Warangal,Telangana,Small Business
C1909,Sai Nair,Hyderabad,Telangana,Small Business
C1910,Aarav Joshi,Pune,Maharashtra,Consumer
C1911,Nisha Joshi,Chennai,Tamil Nadu,Consumer
C1912,Ananya Singh,Nagpur,Maharashtra,Consumer
C1913,Kavya Rao,Vadodara,Gujarat,Consumer
C1914,Sai Reddy,Coimbatore,Tamil Nadu,Corporate
C1915,Rahul Verma,Nagpur,Maharashtra,Small Business
C1916,Karan Singh,Warangal,Telangana,Consumer
C1917,Priya Nair,Mysuru,Karnataka,Consumer
C1918,Diya Joshi,Warangal,Telangana,Consumer
C1919,Diya Rao,New Delhi,Delhi,Corporate
C1920,Priya Nair,Vadodara,Gujarat,Consumer
C1921,Vikram Rao,Chennai,Tamil Nadu,Consumer
C1922,Aarav Rao,Coimbatore,Tamil Nadu,Consumer
C1923,Pooja Reddy,Bengaluru,Karnataka,Corporate
C1924,Pooja Joshi,Pune,Maharashtra,Corporate
C1925,Aditi Reddy,Warangal,Telangana,Consumer
C1926,Vikram Verma,Kolkata,West Bengal,Consumer
C1927,Vivaan Das,Chennai,Tamil Nadu,Consumer
C1928,Vikram Nair,Hyderabad,Telangana,Consumer
C1929,Ishita Kumar,Chennai,Tamil Nadu,Consumer
C1930,Ananya Mehta,Kolkata,West Bengal,Consumer
C1931,Pooja Verma,Warangal,Telangana,Consumer
C1932,Aditi Sharma,Mangaluru,Karnataka,Consumer
C1933,Ishita Iyer,Vadodara,Gujarat,Corporate
C1934,Vikram Singh,Ahmedabad,Gujarat,Corporate
C1935,Karan Reddy,Chennai,Tamil Nadu,Consumer
C1936,Vivaan Gupta,Thiruvananthapuram,Kerala,Consumer
C1937,Priya Kumar,Chennai,Tamil Nadu,Corporate
C1938,Vivaan Rao,Coimbatore,Tamil Nadu,Corporate
C1939,Ishita Reddy,Warangal,Telangana,Consumer
C1940,Sneha Das,Dwarka,Delhi,Corporate
C1941,Karan Reddy,Madurai,Tamil Nadu,Consumer
C1942,Arjun Gupta,Rohini,Delhi,Corporate
C1943,Ananya Bhat,Bengaluru,Karnataka,Consumer
C1944,Rohan Singh,New Delhi,Delhi,Consumer
C1945,Pooja Das,Ahmedabad,Gujarat,Small Business
C1946,Meera Joshi,Coimbatore,Tamil Nadu,Consumer
C1947,Karan Reddy,Bengaluru,Karnataka,Consumer
C1948,Pooja Nair,Bengaluru,Karnataka,Consumer
C1949,Aditi Rao,Hyderabad,Telangana,Small Business
C1950,Sai Sharma,Pune,Maharashtra,Consumer
C1951,Aarav Iyer,Nagpur,Maharashtra,Corporate
C1952,Pooja Singh,Durgapur,West Bengal,Corporate
C1953,Aditi Patel,Mangaluru,Karnataka,Consumer
C1954,Rahul Nair,Warangal,Telangana,Small Business
C1955,Sneha Gupta,Vadodara,Gujarat,Corporate
C1956,Rohan Nair,Madurai,Tamil Nadu,Consumer
C1957,Sumanth Nair,Bengaluru,Karnataka,Small Business
C1958,Kavya Rao,Kochi,Kerala,Corporate
C1959,Aditya Sharma,Chennai,Tamil Nadu,Consumer
C1960,Ananya Patel,Coimbatore,Tamil Nadu,Consumer
C1961,Nisha Rao,Mangaluru,Karnataka,Consumer
C1962,Karan Verma,Mumbai,Maharashtra,Consumer
C1963,Diya Iyer,Warangal,Telangana,Corporate
C1964,Karan Singh,Pune,Maharashtra,Consumer
C1965,Priya Bhat,Mysuru,Karnataka,Consumer
C1966,Aditi Reddy,New Delhi,Delhi,Consumer
C1967,Vikram Reddy,Dwarka,Delhi,Small Business
C1968,Meera Rao,Kozhikode,Kerala,Consumer
C1969,Diya Patel,Dwarka,Delhi,Consumer
C1970,Pooja Kumar,Warangal,Telangana,Consumer
C1971,Nisha Nair,Nizamabad,Telangana,Corporate
C1972,Sumanth Rao,Kochi,Kerala,Consumer
C1973,Karan Reddy,Rohini,Delhi,Corporate
C1974,Kavya Joshi,Howrah,West Bengal,Small Business
C1975,Sneha Patel,Coimbatore,Tamil Nadu,Corporate
C1976,Vivaan Das,Howrah,West Bengal,Small Business
C1977,Ishita Reddy,Chennai,Tamil Nadu,Consumer
C1978,Arjun Joshi,Kolkata,West Bengal,Consumer
C1979,Karan Patel,Pune,Maharashtra,Consumer
C1980,Aditya Verma,Ahmedabad,Gujarat,Small Business
C1981,Sneha Bhat,Mysuru,Karnataka,Corporate
C1982,Aarav Iyer,Dwarka,Delhi,Small Business
C1983,Vivaan Mehta,Pune,Maharashtra,Corporate
C1984,Priya Gupta,Mumbai,Maharashtra,Consumer
C1985,Pooja Joshi,Madurai,Tamil Nadu,Corporate
C1986,Kavya Mehta,Rohini,Delhi,Consumer
C1987,Aditya Mehta,Thiruvananthapuram,Kerala,Corporate
C1988,Rohan Verma,Pune,Maharashtra,Consumer
C1989,Nisha Verma,Chennai,Tamil Nadu,Consumer
C1990,Sumanth Rao,Pune,Maharashtra,Consumer
C1991,Priya Joshi,Mumbai,Maharashtra,Consumer
C1992,Sneha Das,Mumbai,Maharashtra,Consumer
C1993,Aditi Verma,Mangaluru,Karnataka,Consumer
C1994,Meera Kumar,Surat,Gujarat,Corporate
C1995,Aditi Sharma,Dwarka,Delhi,Consumer
C1996,Aditi Verma,Durgapur,West Bengal,Corporate
C1997,Vivaan Reddy,Nagpur,Maharashtra,Consumer
C1998,Vivaan Patel,Hyderabad,Telangana,Small Business
C1999,Pooja Kumar,Nagpur,Maharashtra,Corporate
C2000,Meera Mehta,Madurai,Tamil Nadu,Corporate
